/*
Navicat MySQL Data Transfer

Source Server         : xhyrzldf
Source Server Version : 50717
Source Host           : localhost:3306
Source Database       : music

Target Server Type    : MYSQL
Target Server Version : 50717
File Encoding         : 65001

Date: 2017-04-23 21:54:29
*/

SET FOREIGN_KEY_CHECKS=0;

-- ----------------------------
-- Table structure for `comment`
-- ----------------------------
DROP TABLE IF EXISTS `comment`;
CREATE TABLE `comment` (
  `commentId` int(11) NOT NULL AUTO_INCREMENT,
  `songId` int(11) DEFAULT NULL,
  `commentFavour` int(11) DEFAULT NULL,
  `commentText` text,
  `doubleCommentId` int(11) DEFAULT NULL,
  PRIMARY KEY (`commentId`),
  KEY `FK_Reference_9` (`songId`),
  CONSTRAINT `FK_Reference_9` FOREIGN KEY (`songId`) REFERENCES `song` (`songId`)
) ENGINE=InnoDB DEFAULT CHARSET=utf8;

-- ----------------------------
-- Records of comment
-- ----------------------------

-- ----------------------------
-- Table structure for `dowloadsong`
-- ----------------------------
DROP TABLE IF EXISTS `dowloadsong`;
CREATE TABLE `dowloadsong` (
  `downLoadSongId` int(11) NOT NULL AUTO_INCREMENT,
  `songId` int(11) DEFAULT NULL,
  `userId` int(11) DEFAULT NULL,
  `downLoadTime` date DEFAULT NULL,
  PRIMARY KEY (`downLoadSongId`),
  KEY `fk_songid_idx` (`songId`),
  KEY `fk_userid_idx` (`userId`),
  CONSTRAINT `fk_songid` FOREIGN KEY (`songId`) REFERENCES `song` (`songId`) ON DELETE NO ACTION ON UPDATE NO ACTION,
  CONSTRAINT `fk_userid` FOREIGN KEY (`userId`) REFERENCES `user` (`userId`) ON DELETE NO ACTION ON UPDATE NO ACTION
) ENGINE=InnoDB DEFAULT CHARSET=utf8;

-- ----------------------------
-- Records of dowloadsong
-- ----------------------------

-- ----------------------------
-- Table structure for `dvd`
-- ----------------------------
DROP TABLE IF EXISTS `dvd`;
CREATE TABLE `dvd` (
  `dvdId` int(11) NOT NULL AUTO_INCREMENT,
  `dvdName` varchar(50) DEFAULT NULL,
  `dvdTypeId` int(11) DEFAULT NULL,
  `dvdIconSrc` varchar(50) DEFAULT NULL,
  `singerId` int(11) DEFAULT NULL,
  `dvdStatusId` int(11) DEFAULT NULL,
  PRIMARY KEY (`dvdId`),
  KEY `FK_Reference_6` (`singerId`),
  KEY `fk_002` (`dvdStatusId`),
  KEY `fk_003` (`dvdTypeId`),
  CONSTRAINT `FK_Reference_6` FOREIGN KEY (`singerId`) REFERENCES `singer` (`singerId`),
  CONSTRAINT `fk_002` FOREIGN KEY (`dvdStatusId`) REFERENCES `dvdstatus` (`dvdStatusId`),
  CONSTRAINT `fk_003` FOREIGN KEY (`dvdTypeId`) REFERENCES `dvdtype` (`dvdTypeId`)
) ENGINE=InnoDB AUTO_INCREMENT=21 DEFAULT CHARSET=utf8;

-- ----------------------------
-- Records of dvd
-- ----------------------------
INSERT INTO `dvd` VALUES ('1', '周杰伦的床边故事', '1', 'images/album/1.jpg', '1', '1');
INSERT INTO `dvd` VALUES ('2', '绅士', '1', 'images/album/2.jpg', '3', '1');
INSERT INTO `dvd` VALUES ('3', '和自己对话', '1', 'images/album/3.jpg', '6', '1');
INSERT INTO `dvd` VALUES ('4', '新的心跳', '1', 'images/album/4.jpg', '2', '1');
INSERT INTO `dvd` VALUES ('5', 'rice & shine', '1', 'images/album/5.jpg', '5', '1');
INSERT INTO `dvd` VALUES ('6', 'Animals', '1', 'images/album/6.jpg', '10', '1');
INSERT INTO `dvd` VALUES ('7', '美女与野兽', '2', 'images/album/7.jpg', '20', '1');
INSERT INTO `dvd` VALUES ('8', '生来倔强', '1', 'images/album/8.jpg', '28', '1');
INSERT INTO `dvd` VALUES ('9', '第七感', '1', 'images/album/9.jpg', '24', '1');
INSERT INTO `dvd` VALUES ('10', '一万个舍不得', '1', 'images/album/10.jpg', '14', '1');
INSERT INTO `dvd` VALUES ('11', 'Loud', '1', 'images/album/11.jpg', '36', '1');
INSERT INTO `dvd` VALUES ('12', 'Recovery', '3', 'images/album/12.jpg', '37', '1');
INSERT INTO `dvd` VALUES ('13', '秋:故事', '1', 'images/album/13.jpg', '31', '1');
INSERT INTO `dvd` VALUES ('14', '十二新作', '1', 'images/album/14.jpg', '1', '1');
INSERT INTO `dvd` VALUES ('15', '致爱 Your Song', '1', 'images/album/15.jpg', '13', '1');
INSERT INTO `dvd` VALUES ('16', '平凡之路', '1', 'images/album/16.jpg', '32', '1');
INSERT INTO `dvd` VALUES ('17', 'V (Deluxe Version)', '1', 'images/album/17.jpg', '10', '1');
INSERT INTO `dvd` VALUES ('18', 'The Marshall Mathers LP 2', '3', 'images/album/18.jpg', '37', '1');
INSERT INTO `dvd` VALUES ('19', '25', '1', 'images/album/19.jpg', '39', '1');
INSERT INTO `dvd` VALUES ('20', 'Red', '4', 'images/album/20.jpg', '40', '1');

-- ----------------------------
-- Table structure for `dvddetails`
-- ----------------------------
DROP TABLE IF EXISTS `dvddetails`;
CREATE TABLE `dvddetails` (
  `dvdDetailsId` int(11) NOT NULL AUTO_INCREMENT,
  `dvdId` int(11) DEFAULT NULL,
  `songId` int(11) DEFAULT NULL,
  PRIMARY KEY (`dvdDetailsId`),
  KEY `FK_Reference_7` (`dvdId`),
  KEY `FK_Reference_8` (`songId`),
  CONSTRAINT `FK_Reference_7` FOREIGN KEY (`dvdId`) REFERENCES `dvd` (`dvdId`),
  CONSTRAINT `FK_Reference_8` FOREIGN KEY (`songId`) REFERENCES `song` (`songId`)
) ENGINE=InnoDB DEFAULT CHARSET=utf8;

-- ----------------------------
-- Records of dvddetails
-- ----------------------------

-- ----------------------------
-- Table structure for `dvdstatus`
-- ----------------------------
DROP TABLE IF EXISTS `dvdstatus`;
CREATE TABLE `dvdstatus` (
  `dvdStatusId` int(11) NOT NULL,
  `dvdStatusName` varchar(50) DEFAULT NULL,
  PRIMARY KEY (`dvdStatusId`),
  KEY `dvdStatusId` (`dvdStatusId`)
) ENGINE=InnoDB DEFAULT CHARSET=utf8;

-- ----------------------------
-- Records of dvdstatus
-- ----------------------------
INSERT INTO `dvdstatus` VALUES ('1', '免费');
INSERT INTO `dvdstatus` VALUES ('2', 'VIP');

-- ----------------------------
-- Table structure for `dvdtype`
-- ----------------------------
DROP TABLE IF EXISTS `dvdtype`;
CREATE TABLE `dvdtype` (
  `dvdTypeId` int(11) NOT NULL,
  `dvdTypeName` varchar(50) DEFAULT NULL,
  PRIMARY KEY (`dvdTypeId`)
) ENGINE=InnoDB DEFAULT CHARSET=utf8;

-- ----------------------------
-- Records of dvdtype
-- ----------------------------
INSERT INTO `dvdtype` VALUES ('1', 'Pop 流行');
INSERT INTO `dvdtype` VALUES ('2', 'Soundtrack ');
INSERT INTO `dvdtype` VALUES ('3', 'Hip Hop 嘻哈说唱');
INSERT INTO `dvdtype` VALUES ('4', 'Country 乡村');

-- ----------------------------
-- Table structure for `role`
-- ----------------------------
DROP TABLE IF EXISTS `role`;
CREATE TABLE `role` (
  `roleId` int(11) NOT NULL,
  `roleName` varchar(50) DEFAULT NULL,
  PRIMARY KEY (`roleId`)
) ENGINE=InnoDB DEFAULT CHARSET=utf8;

-- ----------------------------
-- Records of role
-- ----------------------------
INSERT INTO `role` VALUES ('1', '用户');
INSERT INTO `role` VALUES ('2', 'VIP');
INSERT INTO `role` VALUES ('3', '管理员');

-- ----------------------------
-- Table structure for `singer`
-- ----------------------------
DROP TABLE IF EXISTS `singer`;
CREATE TABLE `singer` (
  `singerId` int(11) NOT NULL AUTO_INCREMENT,
  `singerName` varchar(50) DEFAULT NULL,
  `singerNickName` varchar(50) DEFAULT NULL,
  `singerTypeId` int(11) DEFAULT NULL,
  `singerIconSrc` varchar(500) DEFAULT NULL,
  `singerDes` varchar(100) DEFAULT NULL,
  PRIMARY KEY (`singerId`),
  KEY `singerTypeId` (`singerTypeId`),
  CONSTRAINT `fk_001` FOREIGN KEY (`singerTypeId`) REFERENCES `singertype` (`singerTypeId`)
) ENGINE=InnoDB AUTO_INCREMENT=41 DEFAULT CHARSET=utf8;

-- ----------------------------
-- Records of singer
-- ----------------------------
INSERT INTO `singer` VALUES ('1', '周杰伦', 'zhoujielun', '1', 'images/singer/1.jpg', '周杰伦');
INSERT INTO `singer` VALUES ('2', 'G.E.M 邓紫棋', 'dengziqi', '2', 'images/singer/2.jpg', 'G.E.M 邓紫棋');
INSERT INTO `singer` VALUES ('3', '薛之谦', 'xuezhiqian', '1', 'images/singer/3.jpg', '薛之谦');
INSERT INTO `singer` VALUES ('4', 'BIGBANG', 'bigbang', '14', 'images/singer/4.jpg', 'BIGBANG');
INSERT INTO `singer` VALUES ('5', '陈奕迅', 'chenyixun', '1', 'images/singer/5.jpg', '陈奕迅');
INSERT INTO `singer` VALUES ('6', '林俊杰', 'linjunjie', '1', 'images/singer/6.jpg', '林俊杰');
INSERT INTO `singer` VALUES ('7', 'Alan Walker', 'alanwalker', '10', 'images/singer/7.jpg', 'Alan Walker');
INSERT INTO `singer` VALUES ('8', '李荣浩', 'lironghao', '1', 'images/singer/8.jpg', '李荣浩');
INSERT INTO `singer` VALUES ('9', 'TFBOYS', 'tfboys', '1', 'images/singer/9.jpg', 'TFBOYS');
INSERT INTO `singer` VALUES ('10', 'Maroon 5', 'maroon5', '13', 'images/singer/10.jpg', 'Maroon 5');
INSERT INTO `singer` VALUES ('11', '许嵩', 'xusong', '1', 'images/singer/11.jpg', '许嵩');
INSERT INTO `singer` VALUES ('12', '张杰', 'zhangjie', '1', 'images/singer/12.jpg', '张杰');
INSERT INTO `singer` VALUES ('13', '鹿晗', 'luhan', '1', 'images/singer/13.jpg', '鹿晗');
INSERT INTO `singer` VALUES ('14', '庄心妍', 'zhuangxinyan', '2', 'images/singer/14.jpg', '庄心妍');
INSERT INTO `singer` VALUES ('15', '杨宗纬', 'yangzongwei', '1', 'images/singer/15.jpg', '杨宗纬');
INSERT INTO `singer` VALUES ('16', '贾斯丁比伯', 'JustinBieber', '10', 'images/singer/16.jpg', '贾斯丁比伯');
INSERT INTO `singer` VALUES ('17', '张碧晨', 'zhangbichen', '2', 'images/singer/17.jpg', '张碧晨');
INSERT INTO `singer` VALUES ('18', '华晨宇', 'huachenyu', '1', 'images/singer/18.jpg', '华晨宇');
INSERT INTO `singer` VALUES ('19', '张学友', 'zhangxueyou', '1', 'images/singer/19.jpg', '张学友');
INSERT INTO `singer` VALUES ('20', '田馥甄', 'tianfuzhen', '2', 'images/singer/20.jpg', '田馥甄');
INSERT INTO `singer` VALUES ('21', '萧敬腾', 'xiaojingteng', '1', 'images/singer/21.jpg', '萧敬腾');
INSERT INTO `singer` VALUES ('22', '那英', 'naying', '2', 'images/singer/22.jpg', '那英');
INSERT INTO `singer` VALUES ('23', '王力宏', 'wanglihong', '1', 'images/singer/23.jpg', '王力宏');
INSERT INTO `singer` VALUES ('24', '张靓颖', 'zhanglingying', '2', 'images/singer/24.jpg', '张靓颖');
INSERT INTO `singer` VALUES ('25', '吴亦凡', 'wuyifan', '1', 'images/singer/25.jpg', '吴亦凡');
INSERT INTO `singer` VALUES ('26', 'BEYOND', 'beyond', '13', 'images/singer/26.jpg', 'BEYOND');
INSERT INTO `singer` VALUES ('27', '林宥嘉', 'linyoujia', '1', 'images/singer/27.jpg', '林宥嘉');
INSERT INTO `singer` VALUES ('28', '南征北战', 'nanzhengbeizhan', '13', 'images/singer/28.jpg', '南征北战');
INSERT INTO `singer` VALUES ('29', '汪苏泷', 'wangsulong', '1', 'images/singer/29.jpg', '汪苏泷');
INSERT INTO `singer` VALUES ('30', 'G-DRAGON(权志龙)', 'quanzhilong', '4', 'images/singer/30.jpg', 'G-DRAGON(权志龙)');
INSERT INTO `singer` VALUES ('31', '苏打绿', 'sudalv', '1', 'images/singer/31.jpg', '苏打绿');
INSERT INTO `singer` VALUES ('32', '朴树', 'pushu', '1', 'images/singer/32.jpg', '朴树');
INSERT INTO `singer` VALUES ('33', '王菲', 'wangfei', '2', 'images/singer/33.jpg', '王菲');
INSERT INTO `singer` VALUES ('34', '筷子兄弟', 'kuaizixiongdi', '3', 'images/singer/34.jpg', '筷子兄弟');
INSERT INTO `singer` VALUES ('35', '孙燕姿', 'sunyanzi', '2', 'images/singer/35.jpg', '孙燕姿');
INSERT INTO `singer` VALUES ('36', 'Rihanna(蕾哈娜)', 'leihana', '11', 'images/singer/36.jpg', 'Rihanna(蕾哈娜)');
INSERT INTO `singer` VALUES ('37', 'Eminem(埃米纳姆)', 'aiminamu', '10', 'images/singer/37.jpg', 'Eminem(埃米纳姆)');
INSERT INTO `singer` VALUES ('38', 'A-lin', 'Alin', '1', 'images/singer/38.jpg', 'A-lin');
INSERT INTO `singer` VALUES ('39', 'Adele(阿黛尔)', 'adaier', '11', 'images/singer/39.jpg', 'Adele(阿黛尔)');
INSERT INTO `singer` VALUES ('40', 'Taylor Swift (泰勒·斯威夫特)', 'tailesiweifute', '11', 'images/singer/40.jpg', 'Taylor Swift (泰勒·斯威夫特)');

-- ----------------------------
-- Table structure for `singertype`
-- ----------------------------
DROP TABLE IF EXISTS `singertype`;
CREATE TABLE `singertype` (
  `singerTypeId` int(11) NOT NULL,
  `singerTypeName` varchar(50) DEFAULT NULL,
  PRIMARY KEY (`singerTypeId`)
) ENGINE=InnoDB DEFAULT CHARSET=utf8;

-- ----------------------------
-- Records of singertype
-- ----------------------------
INSERT INTO `singertype` VALUES ('1', '华语男');
INSERT INTO `singertype` VALUES ('2', '华语女');
INSERT INTO `singertype` VALUES ('3', '华语组合');
INSERT INTO `singertype` VALUES ('4', '韩国男');
INSERT INTO `singertype` VALUES ('5', '韩国女');
INSERT INTO `singertype` VALUES ('6', '韩国组合');
INSERT INTO `singertype` VALUES ('7', '日本男');
INSERT INTO `singertype` VALUES ('8', '日本女');
INSERT INTO `singertype` VALUES ('9', '日本组合');
INSERT INTO `singertype` VALUES ('10', '欧美男');
INSERT INTO `singertype` VALUES ('11', '欧美女');
INSERT INTO `singertype` VALUES ('12', '欧美组合');
INSERT INTO `singertype` VALUES ('13', '乐团');
INSERT INTO `singertype` VALUES ('14', '演奏家');
INSERT INTO `singertype` VALUES ('15', '作曲家');
INSERT INTO `singertype` VALUES ('16', '指挥家');
INSERT INTO `singertype` VALUES ('17', '其他');

-- ----------------------------
-- Table structure for `song`
-- ----------------------------
DROP TABLE IF EXISTS `song`;
CREATE TABLE `song` (
  `songId` int(11) NOT NULL AUTO_INCREMENT,
  `songName` varchar(50) DEFAULT NULL,
  `songTypeId` int(11) DEFAULT NULL,
  `singerId` int(11) DEFAULT NULL,
  `dvdId` int(11) DEFAULT NULL,
  `songLastTime` varchar(50) DEFAULT NULL,
  `songStatusId` int(11) DEFAULT NULL,
  `songSrc` varchar(500) DEFAULT NULL,
  `hot` int(11) DEFAULT NULL,
  PRIMARY KEY (`songId`),
  KEY `FK_Reference_3` (`dvdId`),
  KEY `FK_Reference_5` (`singerId`),
  KEY `fk_004` (`songTypeId`),
  KEY `fl_003` (`songStatusId`),
  CONSTRAINT `FK_Reference_3` FOREIGN KEY (`dvdId`) REFERENCES `dvd` (`dvdId`),
  CONSTRAINT `FK_Reference_5` FOREIGN KEY (`singerId`) REFERENCES `singer` (`singerId`),
  CONSTRAINT `fk_004` FOREIGN KEY (`songTypeId`) REFERENCES `songtype` (`songTypeId`),
  CONSTRAINT `fl_003` FOREIGN KEY (`songStatusId`) REFERENCES `songstatus` (`SongStatusId`)
) ENGINE=InnoDB AUTO_INCREMENT=97 DEFAULT CHARSET=utf8;

-- ----------------------------
-- Records of song
-- ----------------------------
INSERT INTO `song` VALUES ('1', '告白气球', '1', '1', '1', '3:35', '1', 'http://p2.music.126.net/RMJR7wDullRqppBk8dhLow==/3435973841155597.mp3', '13170');
INSERT INTO `song` VALUES ('2', '爱情废柴', '1', '1', '1', '2:50', '1', 'http://p2.music.126.net/6LVabFil7b5k80c1PV-9zA==/3435973841155591.mp3', '36261');
INSERT INTO `song` VALUES ('3', '不该', '1', '1', '1', '2:51', '1', 'http://p2.music.126.net/u1t7cZ-7jfgYMQlRW8xAxQ==/2946691177993133.mp3', '41794');
INSERT INTO `song` VALUES ('4', '一点点', '1', '1', '1', '2:52', '1', 'http://p2.music.126.net/f-8C252t7NsmitFTcumkvA==/3435973841155594.mp3', '184');
INSERT INTO `song` VALUES ('5', '前世情人', '1', '1', '1', '2:53', '1', 'http://p2.music.126.net/ddL-GI8SQHqkxf8PnFkaTA==/3250156375959097.mp3', '25539');
INSERT INTO `song` VALUES ('6', '床边故事', '1', '1', '1', '2:54', '1', 'http://p2.music.126.net/J_bAZ5zeCGn0wTlWLoEZjg==/3250156375959094.mp3', '27142');
INSERT INTO `song` VALUES ('7', 'Now You See Me', '1', '1', '1', '2:55', '1', 'http://p2.music.126.net/mFlhZzbvPmBXA67_VaMWRQ==/1394180756120482.mp3', '9093');
INSERT INTO `song` VALUES ('8', '说走就走', '1', '1', '1', '2:56', '1', 'http://p2.music.126.net/BbX8K-uDpcle01Rcz4GahA==/3401888981604615.mp3', '14040');
INSERT INTO `song` VALUES ('9', '英雄', '1', '1', '1', '2:57', '1', 'http://p2.music.126.net/AGCE0V3l2cvkfjY7tqZmFA==/3441471399286412.mp3', '42921');
INSERT INTO `song` VALUES ('10', '土耳其冰淇淋', '1', '1', '1', '2:58', '1', 'http://p2.music.126.net/pWll1xcp54dIM7K4b9ToEg==/3435973841155588.mp3', '22483');
INSERT INTO `song` VALUES ('45', '绅士', '1', '3', '2', '2:59', '1', 'http://p2.music.126.net/zybRy5dJtREGBbcOLGEmjw==/2937895071055444.mp3', '33652');
INSERT INTO `song` VALUES ('46', '演员', '1', '3', '2', '3:11', '1', 'http://p2.music.126.net/zaGgmMZiqLCzJTv2GYKkaA==/1365593465215365.mp3', '810');
INSERT INTO `song` VALUES ('47', '下雨了', '1', '3', '2', '3:12', '1', 'http://p2.music.126.net/tkijKXoVmVQn1KBaMFeQaQ==/2900511676086315.mp3', '3092');
INSERT INTO `song` VALUES ('48', '关键词', '1', '6', '3', '3:13', '1', 'http://p2.music.126.net/-oqqxwGVevqXq6LVi7g8Ww==/1367792468719331.mp3', '13032');
INSERT INTO `song` VALUES ('49', '不为谁而作的歌', '1', '6', '3', '3:14', '1', 'http://p2.music.126.net/s2DX33RJNdw-l0gRF5fbyw==/1379887096594575.mp3', '5881');
INSERT INTO `song` VALUES ('50', 'Too Bad', '1', '6', '3', '3:15', '1', 'http://p2.music.126.net/tZcKY63sphxnE2F69qtHkA==/1367792468719338.mp3', '40311');
INSERT INTO `song` VALUES ('51', '只要有你的地方', '1', '6', '3', '3:16', '1', 'http://p2.music.126.net/PEHLAsESJ2Tg2ZxMptfwfQ==/1417270491991817.mp3', '33911');
INSERT INTO `song` VALUES ('52', '弹唱', '1', '6', '3', '3:17', '1', 'http://p2.music.126.net/QJmdwIDQFK_eyaiyrid0kQ==/1418370003611547.mp3', '48622');
INSERT INTO `song` VALUES ('53', '你,有没有过', '1', '6', '3', '3:18', '1', 'http://p2.music.126.net/1e9v6VAquFHsFMiJDOBQTQ==/1399678305914217.mp3', '41377');
INSERT INTO `song` VALUES ('54', '有梦不难', '1', '6', '3', '3:19', '1', 'http://p2.music.126.net/ej7gklj-1NrI1fABlLHlaw==/1367792468719332.mp3', '11018');
INSERT INTO `song` VALUES ('55', '独舞', '1', '6', '3', '3:20', '1', 'http://p2.music.126.net/uwAvs_bQeZKF66-KBfjAHw==/1417270491991816.mp3', '30956');
INSERT INTO `song` VALUES ('56', 'Lier and Accuser', '1', '6', '3', '3:21', '1', 'http://p2.music.126.net/uwAvs_bQeZKF66-KBfjAHw==/1417270491991816.mp3', '21729');
INSERT INTO `song` VALUES ('57', '现在的我和她', '1', '6', '3', '3:22', '1', 'http://p2.music.126.net/F-5C9GhYT9E-YCptF0L5WA==/1417270491991815.mp3', '15775');
INSERT INTO `song` VALUES ('58', 'Animals', '1', '10', '6', '3:23', '1', 'http://p2.music.126.net/PyGLVH9skbsJofDCrSFMQQ==/1393081240556825.mp3', '13686');
INSERT INTO `song` VALUES ('59', '新的心跳', '1', '2', '4', '3:24', '1', 'http://p2.music.126.net/_-Or3YYe0bjwEXkiz-pWHw==/7733964790811266.mp3', '21105');
INSERT INTO `song` VALUES ('60', '多远都要在一起', '1', '2', '4', '3:25', '1', 'http://p2.music.126.net/bgO5ugzuXHd0mX4KqI_Jvg==/7732865278426720.mp3', '14467');
INSERT INTO `song` VALUES ('61', '再见', '1', '2', '4', '3:26', '1', 'http://p2.music.126.net/dqw4b50-pZ7Rclox9eClTg==/3309530000781786.mp3', '9019');
INSERT INTO `song` VALUES ('62', '来自天堂的魔鬼', '1', '2', '4', '3:27', '1', 'http://p2.music.126.net/FX4V95a-U5iFtO0OFA8gdA==/3430476280863792.mp3', '1692');
INSERT INTO `song` VALUES ('63', '一路逆风', '1', '2', '4', '3:28', '1', 'http://p2.music.126.net/E75L9yzl2c6M27B9TaqBJQ==/3297435374276999.mp3', '31403');
INSERT INTO `song` VALUES ('64', '盲点', '1', '2', '4', '3:29', '1', 'http://p2.music.126.net/2mVChF-_QfJmp60erRo6_w==/3254554420556753.mp3', '1939');
INSERT INTO `song` VALUES ('65', '瞬间', '1', '2', '4', '3:30', '1', 'http://p2.music.126.net/pDHG4BG9-FzhhfJNQqE7IQ==/3365605093400500.mp3', '15486');
INSERT INTO `song` VALUES ('66', '于是', '1', '2', '4', '3:31', '1', 'http://p2.music.126.net/ANJu9zeRT-DjiI_mT8A8qg==/3295236351108661.mp3', '21613');
INSERT INTO `song` VALUES ('67', '单行的轨道', '1', '2', '4', '3:32', '1', 'http://p2.music.126.net/Cao-aBPCogKJeOi4Cs_FqA==/7972558814659012.mp3', '11605');
INSERT INTO `song` VALUES ('68', '查克靠近', '1', '2', '4', '3:33', '1', 'http://p2.music.126.net/tX0cg3Yo4n2Cg0WJkVQfsg==/3264450026438336.mp3', '43185');
INSERT INTO `song` VALUES ('69', '生来倔强', '1', '28', '8', '3:34', '1', 'http://p2.music.126.net/WjyM2kziHhRAKnTBCYMU_w==/19146895486141670.mp3', '31110');
INSERT INTO `song` VALUES ('70', '冠军', '1', '28', '8', '3:35', '1', 'http://p2.music.126.net/vBrDjjasQ4DmYlhuehSuwQ==/19199672044268757.mp3', '25995');
INSERT INTO `song` VALUES ('71', '天使之城', '1', '28', '8', '3:36', '1', 'http://p2.music.126.net/MzWZzRVCi_EBBqWsbXWnUg==/18533367999647552.mp3', '36645');
INSERT INTO `song` VALUES ('72', '遥远星球的来客', '1', '28', '8', '3:37', '1', 'http://p2.music.126.net/Aknn5BdBxlKmLzXw1rz7DQ==/18531168976392206.mp3', '5240');
INSERT INTO `song` VALUES ('73', '地球妈妈', '1', '28', '8', '3:39', '1', 'http://p2.music.126.net/vwcBfDNMxiMjbVa5W3-85g==/18533367999647549.mp3', '16262');
INSERT INTO `song` VALUES ('74', '海', '1', '28', '8', '3:40', '1', 'http://p2.music.126.net/WyEZUK-I13Ws9xcF-7rFHg==/18533367999647555.mp3', '15591');
INSERT INTO `song` VALUES ('75', '明天', '1', '28', '8', '3:41', '1', 'http://p2.music.126.net/BBsOn4cnspUmQMvFLMrzuA==/19190875951246711.mp3', '29169');
INSERT INTO `song` VALUES ('76', '一级棒', '1', '28', '8', '3:42', '1', 'http://p2.music.126.net/5SWutHSeBop2dDAOzZu1Xw==/19199672044268760.mp3', '49072');
INSERT INTO `song` VALUES ('77', '明与暗', '1', '28', '8', '3:43', '1', 'http://p2.music.126.net/bq_5P7ilKxK46cbPGC6_GA==/19104014532657083.mp3', '7852');
INSERT INTO `song` VALUES ('78', '风暴', '1', '28', '8', '3:44', '1', 'http://p2.music.126.net/G3WGjU_jjX83XRUceCc9Vw==/19199672044268754.mp3', '42043');
INSERT INTO `song` VALUES ('79', '明明就', '1', '1', '14', '3:45', '1', 'http://p2.music.126.net/eA6rd6eYM0I0g4Q2pRE2SQ==/1307319325439745.mp3', '36657');
INSERT INTO `song` VALUES ('80', '红尘客栈', '1', '1', '14', '3:46', '1', 'http://p2.music.126.net/ucy7dtSjcjdF0m0AMT-uLQ==/1318314441717262.mp3', '7159');
INSERT INTO `song` VALUES ('81', '乌克丽丽', '1', '1', '14', '3:47', '1', 'http://p2.music.126.net/U2c9c9NP-8xTEPm5zaJG3A==/7902190069960238.mp3', '25821');
INSERT INTO `song` VALUES ('82', '大笨钟', '1', '1', '14', '3:48', '1', 'http://p2.music.126.net/q9Jp6uOrL77xftN9ufyA0w==/1313916395206517.mp3', '7626');
INSERT INTO `song` VALUES ('83', '手语', '1', '1', '14', '3:49', '1', 'http://p2.music.126.net/jPHaYh6MDNHpdbq44hkUlg==/7932976395862472.mp3', '10670');
INSERT INTO `song` VALUES ('84', '哪里都是你', '1', '1', '14', '3:50', '1', 'http://p2.music.126.net/sUsrZS6aH6gDnrW7Dp1EEg==/1289727139396200.mp3', '30470');
INSERT INTO `song` VALUES ('85', '傻笑', '1', '1', '14', '3:51', '1', 'http://p2.music.126.net/b1Q0KT9Qcitzxal-n9BCOg==/7932976395863893.mp3', '20342');
INSERT INTO `song` VALUES ('86', '爱你没差', '1', '1', '14', '3:52', '1', 'http://p2.music.126.net/O1S8f65E28cJ75rXzCkqqA==/7943971512140365.mp3', '10296');
INSERT INTO `song` VALUES ('87', '公公偏头痛', '1', '1', '14', '3:53', '1', 'http://p2.music.126.net/6DE8XVfM_PWVXUyhx8rlVw==/7902190069960237.mp3', '40454');
INSERT INTO `song` VALUES ('88', '梦想启动', '1', '1', '14', '3:54', '1', 'http://p2.music.126.net/0sG8YCU6tK92AYBX9i-Cbg==/1289727139396199.mp3', '21382');
INSERT INTO `song` VALUES ('89', '四季列车', '1', '1', '14', '3:55', '1', 'http://p2.music.126.net/d0kFjtxgbsToyH0TL1xXsQ==/7943971512140364.mp3', '35547');
INSERT INTO `song` VALUES ('90', '比较大的大提琴', '1', '1', '14', '3:56', '1', 'http://p2.music.126.net/Ocr0ceXRluGxMeqQfZCqIg==/1313916395206513.mp3', '13587');
INSERT INTO `song` VALUES ('91', 'Love The Way You Lie', '1', '36', '11', '3:57', '1', 'http://p2.music.126.net/2YZG4E_gCZfj8IAcJgeY7A==/1330409069612458.mp3', '33333');
INSERT INTO `song` VALUES ('92', 'California King Bed', '1', '36', '11', '3:58', '1', 'http://p2.music.126.net/XVeXQRM6tKK6PkbsYvFveQ==/1330409069612447.mp3', '42175');
INSERT INTO `song` VALUES ('93', 'i know you were trouble', '4', '40', '20', '3:59', '1', 'http://p2.music.126.net/mJXZkHmBdw1VVCirQhrA0Q==/5871392092417967.mp3', '12558');
INSERT INTO `song` VALUES ('94', '22', '4', '40', '20', '4:00', '1', 'http://p2.music.126.net/qkZGQDSCTpaJDnpyOiVS6g==/18790653720423540.mp3', '22438');
INSERT INTO `song` VALUES ('95', 'Hello', '1', '39', '19', '4:01', '1', 'http://p2.music.126.net/ZXmbiGdXkXkuLBRnUiaSrw==/18751071301889170.mp3', null);
INSERT INTO `song` VALUES ('96', 'Million Years Ago', '1', '39', '19', '4:02', '1', 'http://p2.music.126.net/TMP9n3g0WtKmnIJS-sZuoQ==/18773061534444184.mp3', null);

-- ----------------------------
-- Table structure for `songlist`
-- ----------------------------
DROP TABLE IF EXISTS `songlist`;
CREATE TABLE `songlist` (
  `songListId` int(11) NOT NULL AUTO_INCREMENT,
  `songListName` varchar(50) DEFAULT NULL,
  `songListIconSrc` varchar(50) DEFAULT NULL,
  `userId` int(11) DEFAULT NULL,
  `songListTime` date DEFAULT NULL,
  `songListStatus` int(11) DEFAULT NULL,
  PRIMARY KEY (`songListId`),
  KEY `FK_Reference_10` (`userId`),
  CONSTRAINT `FK_Reference_10` FOREIGN KEY (`userId`) REFERENCES `user` (`userId`)
) ENGINE=InnoDB AUTO_INCREMENT=14 DEFAULT CHARSET=utf8;

-- ----------------------------
-- Records of songlist
-- ----------------------------
INSERT INTO `songlist` VALUES ('1', '满满都是回忆:90后最喜欢的电视剧歌曲', 'images/songlist/1.jpg', '10', '2017-03-10', '1');
INSERT INTO `songlist` VALUES ('2', '500首抖腿电音合集:扶我起来', 'images/songlist/2.jpg', '10', '2017-03-11', '1');
INSERT INTO `songlist` VALUES ('3', '古典音乐精选', 'images/songlist/3.jpg', '10', '2017-03-12', '1');
INSERT INTO `songlist` VALUES ('4', '欧美|呢喃细语之间,唯柔情神的人心', 'images/songlist/4.jpg', '10', '2017-03-13', '1');
INSERT INTO `songlist` VALUES ('5', '日语校园向:哪些曾经难以忘怀的故事', 'images/songlist/5.jpg', '10', '2017-03-14', '1');
INSERT INTO `songlist` VALUES ('6', '给最挑剔的你,纯正的统意大利风', 'images/songlist/6.jpg', '10', '2017-02-15', '1');
INSERT INTO `songlist` VALUES ('7', '安魂曲 令深邃的灵魂陷入美妙的梦境', 'images/songlist/7.jpg', '10', '2016-03-06', '1');
INSERT INTO `songlist` VALUES ('8', '弹指六根琴弦流淌出的美好', 'images/songlist/8.jpg', '10', '2017-02-02', '1');
INSERT INTO `songlist` VALUES ('9', '[华语]安静的午后,送给曾经的她', 'images/songlist/9.jpg', '10', '2015-11-11', '1');
INSERT INTO `songlist` VALUES ('10', '诸君拔剑吧!精选白首日漫燃曲', 'images/songlist/10.jpg', '10', '2016-07-09', '1');
INSERT INTO `songlist` VALUES ('11', '[枕边中国风]聆听细语江南曲', 'images/songlist/11.jpg', '10', '2016-05-05', '1');
INSERT INTO `songlist` VALUES ('12', '空灵人声与电子的超凡交织', 'images/songlist/12.jpg', '10', '2016-04-04', '1');
INSERT INTO `songlist` VALUES ('13', '我喜欢', 'images/songlist/cover_like.png', '10', '2017-01-01', '0');

-- ----------------------------
-- Table structure for `songlistdetails`
-- ----------------------------
DROP TABLE IF EXISTS `songlistdetails`;
CREATE TABLE `songlistdetails` (
  `songListDetailsId` int(11) NOT NULL AUTO_INCREMENT,
  `songId` int(11) DEFAULT NULL,
  `songListId` int(11) DEFAULT NULL,
  PRIMARY KEY (`songListDetailsId`),
  KEY `FK_Reference_11` (`songListId`),
  KEY `FK_Reference_12` (`songId`),
  CONSTRAINT `FK_Reference_11` FOREIGN KEY (`songListId`) REFERENCES `songlist` (`songListId`),
  CONSTRAINT `FK_Reference_12` FOREIGN KEY (`songId`) REFERENCES `song` (`songId`)
) ENGINE=InnoDB AUTO_INCREMENT=55 DEFAULT CHARSET=utf8;

-- ----------------------------
-- Records of songlistdetails
-- ----------------------------
INSERT INTO `songlistdetails` VALUES ('37', '1', '1');
INSERT INTO `songlistdetails` VALUES ('38', '3', '1');
INSERT INTO `songlistdetails` VALUES ('39', '5', '1');
INSERT INTO `songlistdetails` VALUES ('40', '88', '1');
INSERT INTO `songlistdetails` VALUES ('41', '81', '1');
INSERT INTO `songlistdetails` VALUES ('42', '63', '1');
INSERT INTO `songlistdetails` VALUES ('43', '90', '1');
INSERT INTO `songlistdetails` VALUES ('44', '46', '1');
INSERT INTO `songlistdetails` VALUES ('45', '59', '1');
INSERT INTO `songlistdetails` VALUES ('46', '66', '13');
INSERT INTO `songlistdetails` VALUES ('47', '67', '13');
INSERT INTO `songlistdetails` VALUES ('48', '77', '13');
INSERT INTO `songlistdetails` VALUES ('49', '78', '13');
INSERT INTO `songlistdetails` VALUES ('50', '72', '13');
INSERT INTO `songlistdetails` VALUES ('51', '49', '13');
INSERT INTO `songlistdetails` VALUES ('52', '55', '13');
INSERT INTO `songlistdetails` VALUES ('53', '66', '13');
INSERT INTO `songlistdetails` VALUES ('54', '87', '13');

-- ----------------------------
-- Table structure for `songstatus`
-- ----------------------------
DROP TABLE IF EXISTS `songstatus`;
CREATE TABLE `songstatus` (
  `SongStatusId` int(11) NOT NULL,
  `SongStatusName` varchar(50) DEFAULT NULL,
  PRIMARY KEY (`SongStatusId`)
) ENGINE=InnoDB DEFAULT CHARSET=utf8;

-- ----------------------------
-- Records of songstatus
-- ----------------------------
INSERT INTO `songstatus` VALUES ('1', '免费');
INSERT INTO `songstatus` VALUES ('2', 'VIP');

-- ----------------------------
-- Table structure for `songtype`
-- ----------------------------
DROP TABLE IF EXISTS `songtype`;
CREATE TABLE `songtype` (
  `songTypeId` int(11) NOT NULL,
  `songTypeName` varchar(50) DEFAULT NULL,
  PRIMARY KEY (`songTypeId`)
) ENGINE=InnoDB DEFAULT CHARSET=utf8;

-- ----------------------------
-- Records of songtype
-- ----------------------------
INSERT INTO `songtype` VALUES ('1', '流行音乐');
INSERT INTO `songtype` VALUES ('2', 'Soundtrack ');
INSERT INTO `songtype` VALUES ('3', 'Hip Hop 嘻哈说唱');
INSERT INTO `songtype` VALUES ('4', 'Country 乡村');

-- ----------------------------
-- Table structure for `uploadsong`
-- ----------------------------
DROP TABLE IF EXISTS `uploadsong`;
CREATE TABLE `uploadsong` (
  `upLoadSongId` int(11) NOT NULL AUTO_INCREMENT,
  `userId` int(11) DEFAULT NULL,
  `songName` varchar(50) DEFAULT NULL,
  `upLoadTime` date DEFAULT NULL,
  PRIMARY KEY (`upLoadSongId`),
  KEY `FK_11_idx` (`userId`),
  CONSTRAINT `FK_11` FOREIGN KEY (`userId`) REFERENCES `user` (`userId`) ON DELETE NO ACTION ON UPDATE NO ACTION
) ENGINE=InnoDB DEFAULT CHARSET=utf8;

-- ----------------------------
-- Records of uploadsong
-- ----------------------------

-- ----------------------------
-- Table structure for `user`
-- ----------------------------
DROP TABLE IF EXISTS `user`;
CREATE TABLE `user` (
  `userId` int(11) NOT NULL AUTO_INCREMENT,
  `userName` varchar(50) DEFAULT NULL,
  `userPassword` varchar(100) DEFAULT NULL,
  `nickName` varchar(50) DEFAULT NULL,
  `roleId` int(11) DEFAULT NULL,
  `userStatusId` int(11) DEFAULT NULL,
  `userIconSrc` longtext,
  `userReport` int(11) DEFAULT NULL,
  `userAcode` varchar(50) DEFAULT NULL,
  PRIMARY KEY (`userId`),
  KEY `FK_Reference_1` (`roleId`),
  KEY `fk_userstatusid_idx` (`userStatusId`),
  CONSTRAINT `FK_Reference_1` FOREIGN KEY (`roleId`) REFERENCES `role` (`roleId`),
  CONSTRAINT `fk_userstatusid` FOREIGN KEY (`userStatusId`) REFERENCES `userstatus` (`userStatusId`) ON DELETE NO ACTION ON UPDATE NO ACTION
) ENGINE=InnoDB AUTO_INCREMENT=17 DEFAULT CHARSET=utf8;

-- ----------------------------
-- Records of user
-- ----------------------------
INSERT INTO `user` VALUES ('1', 'admin@123.com', '123', '管理员', '1', '1', 'haha', '0', 'haha');
INSERT INTO `user` VALUES ('3', 'test1@gmail.com', '827CCB0EEA8A706C4C34A16891F84E7B', 'wahaha', '1', '1', null, '0', '57dfe5e50014444aa3192dbcaf8784ac');
INSERT INTO `user` VALUES ('10', '296796683@qq.com', '25D55AD283AA400AF464C76D713C07AD', '这些人都是我的小号', '1', '1', 'data:image/jpeg;base64,/9j/4AAQSkZJRgABAQAAAQABAAD/2wBDAAMCAgICAgMCAgIDAwMDBAYEBAQEBAgGBgUGCQgKCgkICQkKDA8MCgsOCwkJDRENDg8QEBEQCgwSExIQEw8QEBD/2wBDAQMDAwQDBAgEBAgQCwkLEBAQEBAQEBAQEBAQEBAQEBAQEBAQEBAQEBAQEBAQEBAQEBAQEBAQEBAQEBAQEBAQEBD/wAARCADGAMYDAREAAhEBAxEB/8QAHwAAAQUBAQEBAQEAAAAAAAAAAAECAwQFBgcICQoL/8QAtRAAAgEDAwIEAwUFBAQAAAF9AQIDAAQRBRIhMUEGE1FhByJxFDKBkaEII0KxwRVS0fAkM2JyggkKFhcYGRolJicoKSo0NTY3ODk6Q0RFRkdISUpTVFVWV1hZWmNkZWZnaGlqc3R1dnd4eXqDhIWGh4iJipKTlJWWl5iZmqKjpKWmp6ipqrKztLW2t7i5usLDxMXGx8jJytLT1NXW19jZ2uHi4+Tl5ufo6erx8vP09fb3+Pn6/8QAHwEAAwEBAQEBAQEBAQAAAAAAAAECAwQFBgcICQoL/8QAtREAAgECBAQDBAcFBAQAAQJ3AAECAxEEBSExBhJBUQdhcRMiMoEIFEKRobHBCSMzUvAVYnLRChYkNOEl8RcYGRomJygpKjU2Nzg5OkNERUZHSElKU1RVVldYWVpjZGVmZ2hpanN0dXZ3eHl6goOEhYaHiImKkpOUlZaXmJmaoqOkpaanqKmqsrO0tba3uLm6wsPExcbHyMnK0tPU1dbX2Nna4uPk5ebn6Onq8vP09fb3+Pn6/9oADAMBAAIRAxEAPwD8/wAA9q9COsrH7c49RQOcUr+9YcV3Ppn9h/RltfFms+Pbi3Vl0izEVtIxHySyHlh9FU/nXwfGOKfLGhHqK3Poev8A7bmsXXin4OWDGBWTTdTjuHlDdVdWQYHp8y143C1VvE+yq6W2H7KnBpo+CnXkcHHb6dq/VLt7mjWoKMcjg0g5Lk8c5HBx9amcVa4ezRdiuiOkhP1rm9mpGbpGvo8d1qd0ltCC247eOpJ6VwYyaw0HUb2MJwcLzex9PaHF/wAK98I2wezzdmDMvlnkHHGa/HcZUeZ5g5OXu3PlMVNYirc8I1/W5dU1W7ur/chlkLbWzwK/RcDhYUqcYULHv4elGNNcu5y82pEMY45CUU4HPFe5HCuK1Wp3xppr30U5b04JLH6V1xotW5iqdOL0Esbe81e6SztEeV5GChUUkkk9KjFVqWEpudVhVi6MXKex6Vd+FP8AhCtMaS/ZPP8AK3yIOq/7J/z3r5GhmTzTEWgvd2PAhini6nKtjyPUb2W/u5LmXHznKgdAOwr7nDUVh4Kx9HQoqnDQqbRXY2WoiFfakPlDHtTXd7EtCFe9S9Hd7Csz6K/YU0i7uPjba69bAKdHtprgyMOBlCn/ALPXyvFOLWHw6T6nJjIpwS7s+6PihBZfFLwb4p8AXDx3E8tkytC/PlTMm+In0OcH8a/N8BVxGHxcas/hZyU4Kk7ra5+R93ayWlxJazKVkhcxsCOQQcGv2zCzVSlGSPSspK6ICPWtybCbRQS0WAOvFC0dzrtoKg749qnuxONke/fDzxTe+A/gNrOo6fMIvty3byMVBPyqsaAfjn9a+CzOgsVj4uWx5GOxTwtCU1uTfDz4uaj8Y/hxf/CnxJNA+pw2a28UrrhpAgzHJ15ORg+47VOMy55Xi4YuGx5+SZrHFrlqvU8EvrK60+8msbyIxzQOY3Q9QQa+5oV1iKaqLqfWK0tiFVNalKAFc0NXQOOo4KQM5P0pWUVcpxSPYPgtotjZmfxHrZAhtFMgDH2GK+E4qxE5RWHp7s8bMZz/AIcOps+IPjlNemWOzaCKEEhQRkyema8zL+EvdTk9XqcuHyi0eaW4upSab4v8G3GuLb27XCw5YKMMCPpVUPa5djY0pPS5jSnKhX9nLY8MaV87QeBkcGv0ijScp87elj6XkU4qRp6H4a1bxHOIbKEgH7zscKoHcnoBXDjMyw+GvGbuznrYinSXu7ntXw40Pw94Yie6jQ3OoKD+/wAAxxqB8xB9a/Os6x+IxlRR+yfK5nXxGKaSdkcB8UPEjXsptYZ2czuXcludvavpeH8Fy01Nqx6WV4ZSgnY86ZTnmvs3sfR8tlYaQ3aquJwYhVqLi5WAUn1/z0oupe6xOOobMqeeR2z/AJ96mcrR12RMrJH0V8NPF1l+z/8ACa58b3sjprHiQlbS3XCyPCOE4PQFsn8K+GzOjLOcZGn9lHi5ljaeFi5yHfswfFTxR4j8V+KbvWtbupr7Vgl/M7OeSrbCB7AFQPoKx4jy2GFpU40+ljxeG8e8XWqKttrY8Z+KtpFZfEvxTawrhI9Xu1Ueg81uK+wyn/dIeh9ZTg0jkyDnpXpFOIhBFBLiTbTUuTSujqcdB6jp04OaPsNg17p6hqs279nbyo8gCZ4mx/e+0hv5GvjpQUcxTZ8rnl1SZ5Dpl1faDqcGuaNcNb3trJ5qyK2O+dvuD3FfQYnDfWqcozPgcPXlh66qJ7Hq+v2dj8UNAl+Inh1DHqtkirrum8b0OOLhB1KnPPXGK8jCYx5dNYet8PRn6ZlWbRxEPfPOmVEJzkqvXHpX0sppRUl1Pcq1lGHNABGSu6qipW1N1CU4qaFA7c898VNR2XKxtJrU6rw9Z+NfFSHQvC+k6hfvLhGS1jZ8DtnHA/GvJq/VMNV58S49zCVCDV5HR65+z9428I+HJPFPjabS9BtV4ghubpTPcv8A3Y0XJJHHXHWsKWfUcTiFCitBymrXidR8M4bbT/C2qazqChrGG024IwHcg9PfpXyWeVPa4+FOHxXPnMa5PERSWr/I4Lwz4DbWrC68TatMbOxWUJANn+tdmPygfToa9/G5vUwsY0KesrHp18X7KlyUtTY1zxG+qz2nw5+H2nvBHJMLdnJG+4lJxk47DH6UsBl8bvF4vV226GGEwMnP6zWNLQ9U1LTPBCw3PlLNeSSQkhBuWJDg8+ua8mth6eIxnMtuxx43D8+KXs9jE+H+jfD3xt4xbw/481y80QXx+z2WoxqrwxzH7nmBudpPHBGM19LXnicHQU6EbpI9mPNSS9mtDu/Gf7FXxQ0HzLrw1NYeJLQLuj+yThJnXvhG5P4ZzXBguK6NVNVotNDWOp3tPRnhmteHta8O3z6Xr2l3Wn3kRIeG5iaNxjrwRz9RX02GxVHExVSEk0dq99c0djN4PQGt5Ti37olduzLkduDpr3HUi4RB/wB8k1lKpH2ii9gcXzWOw+HXgfR9RtpfG3jq8+xeFNKbMpz+8vpRjFvEv8TNwCew5715maY2co/V8PrI8jH5hSw6ab1OR+IHjPUviJ4kk17UIFtbWJTFYWC/6u1gHCoB6hQATV4HCLDQtLd7+p+aZlmEsdX5uiO+/ZbEafEWaKJNofTZFY+pLrj+VebxJZUVc9Ph3/eXJdjmfivMLj4leJpwciTVLlvzkNevlN1hY37H6NCK5UzkyM16VxtDStNE8pY28ZxU76HZy6CgcdKHtYFC6O70S6Oq/C7xH4e3fvLAf2hEP7ynAYfpXzOPo+yxkKp8xxBSaoOSPM4VMpVUQFmUfQZ6177qPmVux+ZyjzHU+HbrUfDN1Fq2kXrQXsO7a4OQwxyjDoVPQ5rnxOHo46DhJarW524bEyw7VmXb02XiLXbSS10y3086nAokhgYmMTuCCy55A3dsmueFOpHD6PY/SMtxKxGFuzEht5bqVYbaN3kb7qqM/n6V6PtIqnGV+h7brRpUlJs39Kh8E6JqH/FUzXusvEvz2GksgXdjO2WZjhR6hQfr6eZXq4nEe5RVl3Z83jOJqVJOMdzt9J+OnxHm1Kw8E+BpdM8F6Jcbt0WnQK7wwLy7vK4LM23v0rxsXk9OFJ1K7cpHhYfPa+LxPItjG+MPjrUfHXiNdQuLq5+w28YhsYJX+aKJRgMwHG5uWJ9WPbivRyLBUqEVPkPvcBS5480jtvAUUdx8MJLHVMNbtN5zdisYxn9B07kivi89nKGZucD5bH1pPHqMd9jZ+IepaNo/gS/0qIwDUdMubS4ubWJs/Zd6OIYTj+ID5m/2j26V2ZRRqTrqVRXue/hcLGnFxlq2zz/9n6CIeP28QXzAx6LY3F/Kzc8kBAfwMgNfT5/L6vhYwp7t2PWqpQpKDNP4tQxeGZZdHRj+7lklt9hG2WCZjIrj/voj8K8TJIOtWcZbo8hUHKumjx7kvyPvHB9B619xKDUOTo9D2Y04p8p2/iPxlr+veGNG12z1rULDU9ACadeTW9w6mWAk+VIcHGVPy5HYL9a+aeV0YYjkkk0z4biGlLDz9pA0bj4yeIfEOkDw/wDFTTIvGNlGoFvePJ5OpWrdCySnhz/stxXV/ZcsPLnoaJdDxsJxFWpOz2OIvdKsJo5b/wAPXr3lpG372KWMx3NsDn/WL0Pb5lJBz7V6VLGO3LWVj7HA5/QxSUXuasmlpZ+ALG6kwZtS1Z9in/nnEoXI455krkr14ureO1j0pzWtS5N4m1u812eKy/dtaabFHBFbwIFhhYRqHwB1YnOW61eEwns4uvLWR+YZxi/aYlq+hxOo2XkZmXkHqMYI9v5V2Sk5wT63PFlytrlPX/2ao4NIm8T+ML7CwaXZR8nsxJbGfXIH4V89niddworufWcM0OapKR5Vqt5Lqmp3epTZ33UzzNn/AGmJ/rX0eFpeyoxj5H6BThZWKm010FOI0qc00yHFljqOKm+p2dNBQpxQ3caVjofBGqwaXrax3w/0K+je0uj6RuMZ/A815ma0ZVqamujPPzPD/WMO6djFTQ5fD2r3mkXBLvauVibHDxZJVx6ggj9a1w+IVSmuT4j8exNL2FZ05bHqHg/wnpmvwosewh1BY55J7jpXWo00+ZdtTjbbbXQwvGvgyf4fX8E4MlxZCXz7aYHLRHdkxt/sg8g8da4MbRk4/u3pufQZTm8qCVLozD8SWstlr+o6ZBA1ra3Ev2tXHDPbS/PGoPYYbnFZ4P8A2hLm6HRnOY4i6SdkVI4I7eNYbdQiLwFUYAr0I6vl6Hz85ap9zs/g34cHiTxTqhcg58uxXIJITa8sv5omK+az3FOi1G57uT2pydVo5jxJv1DxDefZo2KLM0aADooJA/D3r2sJK2DU5O2h+nYX93RVXutj1uDxLo/w78EJrutIshVFOnacet7Oq8OR/wA80PJ6Z9eK+IeDni8e5y2Pn61KFKs8TV+R5holzeaj8Mde8UapPJLea34jiBnfrMyRSSSNnv8AMwP419BhVGGK5Y/ZVz1MmqOvzVWd14Q8I3GhfC7xpr90Wju9Q8OzSQx/3YRLHyT6nJP4CuDM8fHG4mFOGyevqLFY+nV5oQe35lLSNQT41fDCO2CK/i7wXAE2g/Nf2Iycj1KZNXQnHLcZzr4WLKsapu09zy4qQSGB67SOhFfYKoqkL99Ue5CLlqekaZ4etLjwJ56Y/wBPtprdwOMuELr+qD9a+XxOIcsYqbPi88k5SlB9Dz61lE9pbzEH95GCRk9SOTX0qleKTZ+eVYKLaJIWe2vory1YpPERg9d691b+8D6Huazq8roylLoaYScoVowh1PQ/GXhvXLLWfDXw6k2W1xp2kpPdSFTtiku2MxAH94KyD8K8jAUPbJ1N9T6HM8wq4OPs4vc6jUfA/hfwjoCQwygFPmM0rDdM55LHPXJ9MV7rTjFKB8jOpKUudatnjusSWV/dSvBHuhBwqqMs7Z4Ax3JoqSio83ZG0IOUkranY+JX/wCFf/Dyy8ARfu9V1dhqOrFf4VPCRn8ByPevDw0FjsV7WWyP0zhvL3QhzvqeZEL1UEV9EfT2jrYaRmjUjqJsz0FPQThJ7E5THb9c1F5P4zrUEthQtBSgOHCkY68Uvj/dvYpwTjqaxu7PWYYU1pp0nso9kNzCRvePtEc9QOcfWvPeH+qTbh1Pic14c+sVPaRRY0DWj4eljn07Ur63ZXzl/mGM5wV7jntilHnSfmcVbhGUqXunWeJPGB8SWU+n6ukayQRnaUPySgjIde+M5GPatqFXnpyjI+Ir4OWX4pQfQh+I9nJNoXg/xgECrcWQ0ufaMZZF3R/mpYfgK8nLK/LXlTfc+izekq+GhViuhxXCjBPKivdceWdz5rlu0et/spxz6r4w1vS7OSGJ9lxJvlcKoY2+0Ek9B97mviuLJuny1Yq9j1KcnCguTfmE8U2Hgj4RWUk+sSLqt3OWeGJeDfy5JOB1WFT1Y/ewQCMZOdDEYjMKMIw0R9xTx8o0oyr6NdD598Y+M9Y8c6xJrGsyhm2bIoUyI4UGcIgzwo/rzXuQpeypqK3PJxeJnim77HsVr4cvD8J/hzodvaTSSapdXmoyIi5wkkiRIx9Mqp/KvPhjKdKpUlJ2aTR9Bl2Ip4TL5Tk7M9j8TQwNo+vaEgIY+FtQTYFwNwVGRfwEf86+Ry2TlinXvo5HjZc4Yh1J33TPkDwR4w1jwD4hs/E+hS7Li2z8rE7XRvvKR3Bx+tfcV6McWnDqYxquhWTieyaj4e0H4nabJ488DKttK7eZqWnkc2sv8RA67DkEHnqazwuaTwC9lWV7H1mHzJOmpXOnvNAu/B/wVs7vW4Gt7i5vw8JxkFVhlY4bp0Hr3ry3ifruYKUEfF5tmDrVZxSPBtNuBLaRYXooOB6V9xGFkrnyc4vW56D8FvCY8b/FDw9oEqE2jXQu758cRWsIMsrN6DamPqRXJmtWNHDySO3KaPtsRE2vid4+mvvid4g8S3seye7aK5t4hnKQsu6JB77GT8CKyyifscPzt6MvPIueI5DnNb8TTs0A8RWq6lqRiDyRvMVt7fPIUIOrAYyST1rRUa2Km5QnZH0+TcNxxFFTkiDQ/FXhfSBNqI8F2q6rEwe1liOIg/8Aede5FYVctxMny82h9BHhqgpKa6HMarqt/rOoT6nqU7T3Ny5eR2Ocn/CvVj7PCU1yI9yjTVCHs0UijHnFbqV7PuHs7Bt6Yqm0S42GsgH33wfZc1m72v0M3e+53MXw9tvEUIvPhx4jtfE0IQu9sv8Ao97F7NC55+qn19K8aOZVIe7WWv6Hi4TiKjNWk9TlrzT7vTbmWwv7eW3uYTiSKRCrKfQg160KsK8FKkz6XDVY1488dSLbkHCng9apVIp26mvNGouRbildpK4yOtTGPJK8tTRLTkkOVegAGB2xVKydyuWKZc1HY1jZXryHJ8y3b1IXkfzrz6atWlE/KeKaEKOMdSPU9jtrSz8Y/B/TtAmUJNfWZ+wuD9y/tjjaP94Afma+adSeGxzb7nWqUcVgEn2/E8E+3vcMY2jMbplJAeCHHBz+NfYQq+1SkfGuHLUcX0NHwrrl94c164m03H2i6h3Q5JCtIoPytgjII6jPOBXl47Cxrv31dHpZdOMJKe+uhyGua1qviDUJtX1m9lurqY/MztkqB/CB2UdABxWEKUKa9zRI9qtV9um5E+g+DfFPidlh8PeHtS1AswjDW1o7qMn1Aqa2Jpwg3zGVG3Mj9JPhR4M8LvZWloI5XuNE0+z03bLFsZWij3vhSBj5pDk+or8i4jzSpBunB6PqeDxZmFbDRjGnscl8QPDl/Frkk8FmkS3Kz21yZzsWKKSN0LZ54G/PfNdfD2IXJFTex3cOYpVaVu6Pnzxt+zn8PfAWkWQtfEvjXxhrVwm7ytH8Ostov94CVyS31A71+gUMylWnaNkkezWw7px5rnmMD3vgfU01Pw2vibQ70ZiVNQtvLEg/uMcAEeoxXZUdKqrVbGKcoWlB3LuueOvEvirRTa6pPPAi7oYbJbhmt/MYYeVEPCfLx6cn1q8LgqWHqqotTz8diIyT095nMtK0GBDkEEYHcjHT+Ve+29OY8FR5Iu+59Kfs96RLoXgmTXZomj1n4k3I8N6S68PBpoO68uVz6r8gPTrwa+Vzyu6jdOOx9PkGFUEqr3v+B5T451az8R/FrVLqOMJZTaubaBR2ghxHH+kamvXw0HTwEbo8/G2rY1+pzeoSNc3txNI3zSOSx75zXo4WEXT5tj9ZyumqWGjFdiuFJzjGcYrpk5VFeJ0qG9mWrHSrvUmfyI8RxLuklbhIwPU/0rKWKpx9zdk3SfvEE+zeUh+aMHAOOW+g/wA/rTSnb2kthT5krnVQ/D2303T01nxz4kstAs3QPHCWE15KD/dhU5BPbcRXnVswm5clFHzmZZ/QwvuxepZ074l+DvDAa38GfDa01NfutfeIJd7yj2iQgJz7sfespYStiPerTa8lsfI4nietUl+6tY8+Hh25juVvNIlltrqM71kiYqQfqK9WUaU5WnE+QkqlLWLOktrjVvFGgSX2rzS3Gr6A4t795DmSSBiTHMT/ABclgfYL07+dDkwdfkhsz9I4UzpNKjUZQhkEMqyKqsD95CeGHpXpVYOouZbn6HUowkrw6l+TR0u7dr7SXaaJBmWH/lpF+Hce9csMS6UuWoc0a0qb5auxnJtG5s5A9+1dinC/Nc7OeHK5N9BdbZreLTbFhyqvcuPTccAf+O/rXnp3qOpE/JeJq8a2I909E8AXst38O7y3gd1m0PWIbuJgeUEiFcj/AIEB+dfP5xC2JVVdUdGUVufBcr3TOU+K2iDStds/FNrAE0vxRCLqMoPkS8UYmi9vmBYDrhhXp5ZieelyPdHk5ng/ZVedbSKfh7wfeeLLgCxurXT4dOH2m61G7k8uC2jHOWPc9QFHJrtxVW0bHHhYWly9j6M+DvwA+FaXWm+K9c0e61yO/nV4Yr6HZHIhb/WRw9QCc4LZ+lfHY7M5Um4QPpI0VyXP0a8PeFfBHh7SLe10nRdPs4FACLDAoKDAwMgCvEc5VY8zZ5lVShLmRxPxR8M2mn6TdeKbDULXT9SSNhFeRRKVYddki9CfTp1715mNwlOsk6kSqmHhmNlUifPnh7HjDW11PxTO9zp0cm6VpFCiZx0+X+6D0A4zmtYwo4Sly0ke1hMDQw0VGmrH0x4L8X2ML2Wk6TYxlXYKrCE7Y1/2cDArbDYqUOxGYYNxWsjsfiL8PdH8b+GLyy1PSNNvPMiby0mtlb95jrnqvavZjKrFe0lseBhcSqVbl6H5Q/E/4T6B/wAJPqfha00W48IeONMDMNFuW3WeoQckm3kxkSEDIU8NjAII5+nyvEe73iTjKKnP2kTx7wt4G1zx14y0rwdpduwvdVu1tQMcpk4dz7KuSfp7V6uIrQp0ZVG+mhx0cNLE1VHzPpjWtW07SvFVxreiOq6B8P8ASbrSNHI+6fIhKNKOxLzyFsjGeK+MdR16kV1bPtaNNYalKXZHyZFdywPaXhJMkMizMD/Ec5b8Sd1faVIunQXZaHw863JiPbPa5vajDDJdPcW7r5M371Dns3PPp6e5BxWtKcZ07t2P2DJMbTxeEU72sbmheDI5dPHiPxPenS9GH3Gxme89VhXv9eg59CK56+PkpKnQ3OqpiFUfLTK3iPxJFqcaaVo1gum6TA2IbVeWf/akYffbpnoK0oYVUf3stZM3pwVOP7wi8M6ZbyPPrep5TTNJT7TOx485x/q4V7lmYD6Ae9GLm3JRg9zwM/zBYTCvkl7xJb+CdU1FpPE2uqWvLxzcOCclC3OPwHH4V14alGMLyWp+Pc0sRN1KjJbjRlQK3kAA+1PlEox+ybvh/R/tVzFBCo3TtjkZxVJxlojGcmtzpvHfwa8V+GLOLxt4SjF5dwR4ubZRxcw4+ZHHfjpWWIpQnCyWppgcVPD1VOJ5jbx6T4lV5vDheC7TJuNKnIWaI5525xuGemK5I4mVH3JH6nkvFVOcVTxIafa69p19HNZWl3Bcwtx8nI/3geCPzFVWqUqkdT6d5pgMRFpyN3ULjwjqUBGuPBoOtyDEEm7NvdSD+GRf4c+owBXk886b5Y3cWfH5jnMcNKVOlK9zz7WRqlpqRttctPsd4xDKn/LN07GNujKexr18Io+z5U/vPhMRXnUqc8juvg7dSTarrGiByBf6a7LGT96SJlcfjgP+leXndJ+wUorVM9nIq15ypvqj1H/hCpPHvwy8Y+BrZFk1jw9PH4h0qIjLOdoMiJ/vL+uK8PC4l4WrGT2lue9iMOsZh3TW62MT9nj4QnxRp7eO/HMrxeDdLufMSzLlRqF2gG3cO6KcZ9SDXo5tmMOX2NDex4eDwc271Oh9XfCmG28T+KX1bVrlLCyjUizgG2MzMBgbnPCKoHHFfGTm7tS+I9qa5I26HueieKPEcytb+GPDz3ekW4P/ABMJnxDIR12FuW5zyBiuScKvLrocUvq8naLML4pNpOq+Hbk/a3lMkYeWKIFSrDsOoPPtXDGpUc+Vs9jL6TjFuSVj59ttTk3pp8sSecBnyFfCwJ23n16nHvXqunzRV0U5Jz8j3XwXo/jDXtLtGtYfJiQAfabljHFkdkQYZuMcmvPnQlUmlEeJxtCK1Vz3vwXZ6/pdkINSu7a9jVc4EOxh+Oee/UV9HhZVlBUppWPkMfKlVk5QXKedftGfs6eFvj74cxD5em+J9LHnaVrEaYkibk7HYcvGeQR2JyMV3U8Q8JPlp7GNKpZKNTqfAfww8N618NLr4i/EPxNDGNb8Pq3hrT9i4H9pzZV2Ue0YJyP7wJyc11ZljY1qcaUH5n0uDwLoSdVrSxjfFzTT4Y+DWnxRnIvreOOQg8tNKwlKn1+SME/WsMqp+2xaUeh05nJUMG591Y+edF0TV/EepQabotjPfXk5/c21vGZJG99o7D1OAPWvtq9alS92b+R+eU4yru62Ovsdb8N/CyT+yvFlrZ6vrqSERxNIJ9O0skDPnNGczvx9wfIOM7uQPLq0KuL96noj2cNm7wa9i3ZEGp6pd+Nrl9Ym8Uadqcj9dl0kQiXoFEZKhQB2AwK1o1aeG92UW33PtMBxDgYU0pPUemiaFp8S3fiDxPaIrfKLOwb7RcynH3VCHAP41u8XKppGLLzDi2hCnalqey/Br4GeJ/iffWniHXdL/sXwnp7B7CxPEk7jpJIO74P6V0Yahye9Ja+Z+ZZjmlTH1faN6HafFr4dWPhOZY9MQtAwwy5ztPvXXL3jzYyd7njd9bRiYxHACdKTkdFNvodf8KNAivb1rh0/1A+XIprlSsjj5ZJu57ddavb6Dpckt66sEUgB+/FLl11D0Pkb4ox6NrusS6vBp9vBMJCyvANjD8RUVKVOWrNqc6lNXR51qVpc3ELiPWdUTcMEC7fH0rBUad9TeVWs1fmsctNpUVk5keIyFurudx/WuiKpRXIkc1SMo+9KVzrfD/xHk07ST4c8U6DZ+I9FyfLju2YXFsTj/Uyg5XpwGBGa4q2DinzRdmdmHxUpLla0PRvBPg631LUdO8afBjWh4gGnyCW60K8kWLUrdMfMmOBKhBIyMd687E1avspU6y6HpYKVOhUUqT3PXPB2uP4f8fR+MNMWWOGP7Ja3kM0ZSRY2Vo2V1OOQVHI47+1fJ16LdHmT1R91hpqnNSXU9f8AE3h210lrbw1B5UGg6fm7sbeFcRFJCXLN6nJP5CvN9s6vvfaWgV4KFXRaPU6r4D/Ca4+Keof8Jbr8FwPC2lTbbCyT5BqE4P35D3jXPQEdDWvIqa55bnjZhilH3In1nBpV/Akcct3FBFCoEUcaKqIBwAAe1TUhKS1PEjTle8WePfFHwvrun6TdyWsrXXnscuCg2knvgd88Y9K8WpCVKd2fYYLFOpSVLqcD8MfA/g7wXJN4n8ZavYiWFfMkku8CJeecZ+8R0ya6IV51ZKEdjfHUvYwsty54j/bd+Enh6U2fhK2v/Ed2h2loI1it48f7bEA/h616cctm/fTPnYYSpiJX5rHYfBn9sPwf8QfElp4Z1bQ7vw5e3xC27XXzQ3Dc8K44z7V2UuejJRkZ43LZUqTmnex6T8UvET/Dnwrr93Yt5moXBWLS0b/n4nwkajHUBiWI9BRNckpSmcWX0XjZxXY+NfiR4chtb/w/8ObGZ7ptGsbrX9Tml5a8vpEIDueMkkOR3PGK4adSU7xj8X6H3LnFLlk9EefftB+FfC2heGPDj/E/xpN4b8P6ZbDybCC183V9YujGqt5UJIWJAFAEkhH8XBr3sljOEm6Wsj53PcTGVONK+lz5d1n453jaNN4O+GGgW/g/Q5fluZ4HMmpagB0Nxc8Hpj5EVFHPBySfqqWWOT9vUd32Pi6mK1fstEjzu2jEjiJQdpOfb/Ocn8a9KMVa2xxNe1leRt6ZoOmxTebJaQucd0GKP3d9UdCgraM6vw8lvZ3qSwwxxmP7u1QKTdn7pMop7n23+z78WRrGixeG9QIV7ZAscjYXPt/+qtXJy+IyaS2O18e+GIfEWj3MMIV53QsoyMk49aQR3PkzxTaxaHctFrBW2dX8sCTgZHYetZVJRXxvQ3p06k37h3Hwf8Y6Hr1pLaNBHY6vbKFnt3OD2+YeopUqsKkbwJq03Sbg9xvxL8Rzx2h05yCz549u1dDso+8YqEou7PnfxDK4maDIzuzwe1ZJXV0dN3KJzl1KFO0cetSm30KlKMo8rOb1CWR3Zc/KDxWkUluc82noVIUjmlEckojU4yxzgemaU3FIxSeyZLY3XiT4eeJLLXNMMtpeQSCW1lwQki57HowPPFcOJUKtKUJ7nXhFKlUU1sfoiNd8H/EzwNp1x4qtjaR6no8U39tadH+9hlDEEuh67WBz7V+dVYTo1nFO6P0/C0JyoKtDsdXrOh65rHg/w1aJanXdOWWC3bxBpTeastpjDmWMcxOB2OetYSioz9t0IrY1VaTTWp6x8Z/2lfAX7Pvw30vRfhzFa6lqd7B9n0i2j5jiwMNLKOCCDkkcc12U4Kr772PmFSnWqe8fFGrfEr4v+LZH1DxH8Rtaee5cybLe6aNBk8BVXAAFOSjGWp9HhcDGCNzw78Tvjf4XgeKLXrrWLCYc29+S+cYxg9QfQ1x16VCs7NndDC1cPLngivff8LG/aQ1QtLatZaPZtsXTw5VFccMzH+Ik54+lFJ4bBLlWrOj6vXxutWyR1lr+yxcWVqbi5Nt5m0Afu9oA+tTPHzk9Njpo5XSgrJnF+JPAfifwPKI9NkltjYyC9tdr/clQgqw+pGD7VrRxSm03uYYjAuEZU3s0fdHjSXxP8XfAHwr+JPhCKzuWZlmvo7iYRwxtJblPMdumElyT37V6OLpxrwR8NgK/9nYqcWvQ8q8ReJvDHh7XfECeDdQt/EHjm3jt7fVNelh3W1gSqiOG1iPD/fHzEnGeK5qnJg6KjT3fU93C0qmZVJVa14x8j4N/ba/4SjU/jhfWmoLqk1vbwRRwy3SM32pgv72UAjkFiy5Ix8vHSvrOHY0qdByXxM+WzxSr1eWn8MdDwmCIQxiPsCcDOcD8zXvwXW583ZtWRYg3FjtJGOeK0bbHC8TorGX5I8HJ71NtdjezsmbNtP5ciyjgA896Jq8lYuSTkktj1z4d+IW025geG6wrFfmH8Jqlpq9jGXLsj3fW/jRpfgvw8k+szvdTyJsgiTl5m7AfpU1ZqlHnewqEJVJ8iPnbxP4zN/q8uu+KrGC71G64FkB+7tIs5VcD+LuT714VWrPFz93ZH6HkeRy9m5VEc1pmo3n2u21DTpvI1ay/1MnTzV7o3r3rqcXl8+dao9TifhZQTr0EXte8eSa2szXZlF6mEkhbgxnuPf1z713xqqa9p3PyxRnTk4VTzqfVL3Ub2TTdD0+fUb3/AJaLCMiMdiT2olKNP3rmlKFWcuSCuEvhfx5DbNcz+HzLsB3JHOrSY74HeuR5pBz9maV8DXpe9KJzaTx3nmKiurKSHR12uhHUEV3Rs9UzimmyuR2249jVuCZCdjvvhb4itLzXrPwj4o0Ia/pVy4Ihd8PbEdHRu3Qe1eRmS9lTc0evltqk+Ro+xfD2k+G59K/sfwX4gns3jtZ4f7O1RAYj5igDZKoGPm7H196+FnUc53Z95RdSnHli9LDfBel/Ev4cTWUnheXU9Au7C2ma9Msm+xuo48nccHaQRn0PTpVe7fkezOTEShPWJm+Ibzwb+0tc/wDCbeGLZdP8c6en+kaOJFEWpqufnhHRW7471Mqn1R+TLwtJPVHOeE9EvLnUZLq8tpEjgcrskj2ssneJl/hbg4Hesq9RON0ezhJfvLM928GfDKTxGVuiUS2CBlZT1yAevtmvMSk9T2K9eMVZHq3w68I6LoFoFMUbhZ3eRsfeI4z+lZxtKpeRxYirL2emh2njvWtJ0PwdPqS6el5LOPLtLaNRumkIOFHPHQnPbBNenP2fs/dR41CtONZOUtDwLxDoaXXhb/hNvH2oLovh2ywt1ctgvdv1aG2VhnGQV3857VxUKM5S5lsenjsyo8qpxd5HefsqeJNB+KXwc8Y/CzSdMNhBpF5JJp1k8pZ0tJ/30O49eH3j8hX0FKXPDlZ8TipRw2LjVa0Z8+eH9F1Wx1jV9c1+Uacv2v7bdWVptuLiZ4J3MSkZ2RIMqoJJPA47ngq/vXyH11FunH232WjC/b78DePPCPhTwzrdwbVbfVo2gupFLSXijO4JJOf4csx2qAMk19DkU+WXIfE5tXjU5vZLqfCjHc2Tg59DX21ktj5R3gSCRbWMs/LyHbGijLOfQDuaznUUFqOmpTZ1Gk+DddvLT7Tq2qWehRSJvijny0pHqwBGOv6GvPxGYRprQ9bD5ZWxEeZbE8nhLxdo0D3unXFnrdqi7pVt2IlAx2Q8k08Pj41ZXWw6mXV6UeeKukaXh3xhBaW6S4ZmfjyQPnz6Y9a7vbRSc5bHnOm6ktFqdLeapfW9xHq2uDzNS2f6JaudwtVI6n/axXmNzzKfLHSKP0Hhnhx1mq1RHMXEktxK0twxd2JJJPJNelRw1OiuVH6pTw0KUeVInjDAh14KnIOehonTVX3Gd9TDe2puMi3quknxpaCJJ0tdZtyPLuCdomg/jVsdWAyR9a86Sng5WhqvM/K+KOEajqqph1uSKLDQ7b+yvDaNBbjHnTdZbhxwWLe+OgwOnvlUqHPerVZ7/D/CtHCUFUxC1NPXpl8NeE5ry/TbNaKJISCQ/nMoI579QMe1eLUl7asoxWlzgz2VBQkuVWWx5jZX9v49hnt721itfE1vGZbO4iGwXeBkxuOhJGcdK9enOWG9290fmlahGsnJKzOfimV4xLjbnAIP8J/iB+hyK9eLbseG4vU9g+A3hcvFP4muocmUlIT6Rjqa+ZzvFW/dxPqshwfu+0mez6NrJ0a/iLHYj2VxPP8A3XA+dVPsdhH4ivnIr2lP3j6iE+WTufQvikXfwn/Z3h8V2WozQ63qqW6wQyP5kIkuPmKGJ8qQEznjPTmuSj71Wz2POrNTbSPmLw78SNM/4SqO71z4cad9thuY3GpaUxs5Efs23OzP5ZrvxOFTjpqdGErfV9JLQ+wtI1T4eeLdNNx410W+0271tViXVJbJoS0icxyO2PLJBx84PPIxXh1cLXgrr4TseMpqaqU395Q1O38YeANPklhkgOjWkFxcz3dvMht5lHPHOVdj0HI/kFTl7rilqerTxNKtZt63N7HiJdLgMUiwxXVkmobPOEUl0hIzGrt8q4yM9eK5oRlB2ktS8RXpN2XQ7ZdV0O0sbfVbqzbxDr9vGbey0rT1kuILQMAHyEB3uehJzx0xzXqxhNxXJG7Pl69dTxHI2ox/E+N/2sPHPibxD4ie38R6fdsumxgwaVK3kwWSj+Iwxk8jHVmz6jGK9CgnFWqKzNLU1Fugr27nU/sLfEW/0b4sWNnqaQW9t4ls5LB1jjCKZF+eLOOp4bk+tXPloztDqcuOpOvhueas0e3/ABI+H97Y/HSDRobfZpviu/0+eJuoCpNuuk+gEan6PXFKlyT5zehjpTwDi3todd+2d8OLf4k/AbWDPGd2jn7bGMZJUEq2PoCDXo4CrKnJ1Inz6UakvZy6n4p32nXWjajcaRfqVltXKEsO3Y/yr7zDz9tSjKO58/WpulVlGey2NHS9QtfDWjHxSYY5tVupWg0zzBlYo1+9Lj1zkA+1ceIlzT5Ud+BpppuR0vwp8R3XiC61HStal+1XcqfaIJpFUtnoQMj1wcV4mPoct5R7WPrcnqe1UsPM9p+N0zPeaH4rs1WBtVsYZx5a7QrbBuUAdAGB4rj4eTrxqUpPa59dw9hqeMo1cPVWzZ5nDZ+HbPUW8Y2qr/asqYFr5Z2Rz95x6cY49QT3r3uWpKKpPY8yPBbeN50vdKFzNNPKZp5Wkkbks3PJ6/rXp0KUaMLRP0XDYSngaahErlSOK0ijXlLfIAIqm+V6HbJSa90epOAe4OQfQ+tZSSm7s1dNVIWkdh8K/DMXibxRBbXLAQQMsjAjg/MDj6cV5OcYr6vh2o7s8HPsTLC4e0TB/aatr/S/7NtLuJY01stqsAU/ftnb5D9P8K8XJ5Slecux+YZrOVelFHhtnePpOp2uoxMVkt50kyD6EZr3Le1iz5yslRV0dVfaBLq/jybRNPi2JfypdZA+VI3ALN9Bz+ddCxap4dze6PGjhnUxKgtmfSmgWSaZoslnYweTFbQCAAerYH/1/wAa+IxVWVWpzPqfd4emqFKy6GpBpKa94ssfDcPLXOp2GnOFHJjHzSD8s5pSmowsRWbirnsn7aGuR/2v4b8FwNmDTIGvTEvQEjZHx6hVNc+Fjo5eZhSpOU+Znz1pFpBF4jl0xwC89tE7gngE5JBHfjHWuydVqJ6UJU5SUJo+svhVrPxH0PwHDpvg/wAfSWcTgg2d3aR3sKNkjAWQHaMY4BxXn1MyqRSglpc9OvkWExVNSWkjxX40+BPF/hjVbHxD4o8WvfLq99Gs8EX7qJsMDzGuFH4Ct6VaNSMmlqYf2dHCTjZ9T1v456E3jPwv8KfCsd08Blsppp3QnmMLGMdc8k/pWCq+y96oh0cO6leenU9D8B/Bj4o2PhxdAsvjjrml6EVCrb2CKkpUfw+btLqD7EVvhcRUk24rQ8rF0cNCrz1I3aDx7+zz8PPDnwq8UtHZXF7qU2l3DS393O8kzybfvMSeT060Tq1L3nvcdKrzuyVkfMHhWzXwvoWheMNLTbc2U9tcrjsVYccevI+lck679srntSwca1BwPunxZqFl4rvPhf8AFGymItbe/KSg9Sl1EFwfcMBXdXqxnFJdz4yNKVCc6Pqes69oVrq/hrUPD98m+C8tZYJAe6yKVP64/KuymvYQaZ5MJXrqSPxG+Pfw8udN1G8ntrKSS40yeezuVCbiwViqscfT+Ve5k2YKN4zOrN8H7aKlA8P8UoYrnS9LyCtlpsKYHZmyx/HmuyHxSb6nPhIapLoavwylNv4+0ZBII/tdylrvPRfMYLk+wyK5MV71J+R7+FXsq8ZxPrD43eFJdL8E6fp0tx51x4Y1C602Z1/iXdvUj22uMV4GQVnSx84Pqj7Hhqt7HHzhL7Wp4Kd2BgY45r9AjGLifot5N6DHBzk81KTRM0t2NYZPIxV2sZXVTU0LqyuLGdre6gkikBwUZSCK5qeIhOHNGSfodFKvSrR5qcrkW3BwAR9a2hJSV7G0Vd31O3+FOq/2ZrdwobY81rJtJPGQK8DOqLqU1LzPn+JKLqYbnfRnP/tb3Etx4r8JW4BEVt4XsEjU9Au3PH51xZRZwkpdz8xzGDhKKXU8EuoWkAiRS0jlUUDqSTgV7NOUU7vY8DFQSjyLe59kfsmfA3RvG1pdar4712XRNQvUFraPtUhDFgRqxIPDE84xXzeY5ilP2cXoehgsulCh9Ya965vah4Z1PwlcL4Z1q3MV8upPHNu77DnI9iAD+NeU227s9JtShodT+zHpqeI/i/p17cJmKKa8v8sM8gBF/rWeMl7KkpR3Mai5o2KXxwuLzxf8dtfCAmK0nSzjJ6KiAKT/ADP51pFqFGMluysHF1J67Hl3ibdo2t6dfRQN9onnmkkOOsZ4jX6kKSPrXTSftYO50OXLWs0e+/CHxbE4gt0ZnjkUb1bBJIH+NeJiqdtUfS4WvGWttRPiDLB8TfHkXhnUdSa3h0rSZ9QRAw+aYNhEOfXBrXDRcYNpnPjeWtJKO6PQda06az0vT/Et1M3/ABTOlWsSQbcEq7/vM5z0ytc0qsqkXCQUqbhK8Xue4+DNeRtMtyH3JKocYPTIFdVDEKlHkbPKxuFabZj/AB21pofh/qRGUtfLxM2ceYDwF/EkZ9hW9So5q7OfC0PeVz5sTwhPaeCrnT5ISPsyyhRnBLRPkEfRSD+NeTUqOdW59GuWCuj234R64+s/s/zWQYyTaFf+ZET1VVkWRf0Yj6V2qbhJc3TU+Rx+FUMS2uqPp5bxr7S7DUI3IFzCjH8Rn9Oa9jE1faUoVF1Pl4w5KkodmfI+m/Cb4VfFrUfFviHxpYSIus31xDbtaSlGgRZCokXr852k85HtXDDEzpz9zofS1MNKnQTXVH5dfH34b3Hwv+LmveFm1AajZ2t3Jb2d8AMTIv3c47gYBr7TC4hV6ak9zxaVF4eV5dTmfC6SJ4p0SRVyy38G0ep3g/zFGIcYUZvyPVw0P30ZH3D8Vglz4c8Xyz7Sy65gkHOW+y2+6vlsvklmcLfyn0uBbecxS7HzI/Xiv0SL6n6o22hpHfFXchRsNYZ5IxQhNJ9D3Xxw2ky2n2bWbVnkj+R7pkw/+etfleS1q0amkuux+eZHVrKrdP5Hjd1HGJ3EBZodx8ssMErniv0yjKrUgnM/TYe1nFOaOj+GtjHqXjTS7KXhZJSrc9QVIP8AMVw5vO2HfkeZxD/uMil+03pVy0XgLXmBeO70ZrEyAcCW3coy/UYrwcnmpJrufkePnzxjLyOI+EfhCLWNSn8TXsCvBauIrZXHDP8AxPj24rqx1f2UfZxPIpUnUqKcj6K8J6jqVs40yG9FlbPMs0s5XmKIENI2eg+VT26kV8/VwqrrnW57tHFcsXSe1z0L44alFrHiTSvGdpIGsr3wrFqka4wRIVMe4/Xr+VJK6SfQ5KK1mjb/AGQLH7Hqmoa6/wB3T7DymJHI3Auxrgxk+aSpmkY81JyOQ0ll1eTxJ4z1J/Lhu7u4uXmz91NxPH1yBRUm+aMDswdNQp8xz/xN0G5tPC3hXXLmExXGr6m0zLjAjQxERp6jAHr3rpwVdSnKBliIWlzkXgnUItHg843awtNIfJ55LHrgdcf41lWp8zPTwdWMI2e5L4k0DxXquovr3hSGSa8t4TLKDj51TJw2T75GP1q6MeWNgxNP2D9qnc9P8JeO/GPxYl03w/cMmmaYbVY9TIKtLcnkbO+FGB2HNctdRo621NaNR1lzrQ9i0me68BaxZ6bqd3v0+4BgtpZCQA+PlU56GuOE1J80kXXoe1joyX9oK+OpfD6PSoWIS8uEtwDgFnIbH6gV1+29qedQo+ybvucxqlhFqXwoXWrVAtxFGl6CCeS0YSQfQgdPYV5kpWrJHTzNMh/ZF1M6rp3jTw9JI2wwpKqHqPvKT6dCv5V6uMglBNdjy8x0qxkfUVn4gjtPhpBcSHdLaaa85x7RHv8AhXRRxEfYKD6HzMsPKWMuj4z+Eniez8X623hO21zUdGubcNpkjW023bPcRq1nO4IIKNJuiJAHLpyM1rh6O8mfSZjOUIQUVsj5a+Kvg661+DVtI1oH+1raeUeYxy63MZIbk9ckYJ79RivRwNeVKrZ7Hn4uCr0k4nk3wV8MXfi/4q+FfD8EO6STUFklHZFi+ZyfQDBr18bL9w/M0wLi6kY9j6e+JV7DdfC3Ude0wO0Or+Kb1lc/dKKViDfTEQ/Wvncss80V+kbHvZFJVs5fkjwB1wa/SGkkrH6zypjCOOlITgMoM2j6I8OeM/DfilD/AGrpUMkk5JaKT5gx+tfk2MynEYGo3Te2p+X5nleLyuTnTeu5y3xm8B2OiXNpr+gWK21jeptkhTJEbgdfYHivoeE87niG6OJmm0fR8JZ7LGv6tXn7yOO8BpcDxfpIts+abuMKU7c819JmlnhajbVrM+mz2MHgqnO9kz0zxh8P7/4jfDLxb8Nba0kPifwpr15rehJtO67gMredFH6kDDY96+Ty6tGi4yezR+P4mPNh046nmXgMWejeH9O0ZbS9+3INr24tX84ykncu317EcHpW+L9+d5bM5aMJKOxc+K3iW78G6OdBvbd7XWNVg3XFuX5tLXsj46SPjp2H1qsBRT5rHS6fMuZ7nqXxQunsrPw5oUuY5YfBukWsgB4yw3sB6cYrinFwevcwovl5mev/AAptv+EV+AnibxPG2J7+0mKe24mNf0xXi1XzYrXodkl7LDrl6nM6R4Zjfw74W8JyRhv7XuUe7Xu0MZ3HP1OKmpUbm5djvVPlpxgi3+1HEYfC+hOkQEdpqyNwMADYygfTpSyd+0ryb7GGIi1JQex4tpNkI79L6J5Y3jXZ5qAOYgfVe4r05c2rZVNLm0PevA8HgWfQbW31jRfFKXUnyy6r4e1BJFuATyXikGV+g46VnDEUYfGZ1sJi3Lnou68z1Hw/8NPhbp0KWvh3T/iLfvMNxiM0NpEzHn55AAwz7ZrWFXC1p3V7HHOpmMHZpJf16EHi74cautneLqevSDT2ZHsvDqXLXbQvwFLzv8xwcnjH1NcmL9kpWpnoYKpVqJ85B8bDHpXg/wAD2c+WlbU45JGzksUUnBrN2jHmClJ1KrtsbPhvSvN8D6r4c2jbbvcW8bY6qclSP5fhXjVpfvlJHTVsmeZ/slSvpfxR13S3OI7/AEkkejFWXP8AI17eKfPRizzsfH3E+p7J8QvFP/COfD+402O5MbXFu0IbPRSrDArxqcpSrKL2FhMNGUlVaPzs1D4h6l8K/jFbeI7ZnurS70+1F7ag4F1aPEqyKCMfMCu5T2ZQa+6wVBV6DS3R1YuEZv2fQ7/4gprfivX77x94V0eXxDoeuzfabS9sRuZSVXckygHZICDkYGc5GM1zwV6nLLSxwSw0qa5Y7Efwq+EGv/B5fEHxK8Q6L9h8SeK430/wxpcvM0UcgzNcOvVQFz6V2V8TGulSV9DLAYN067lN6WOwvfBl5ZfAfwzok1u1x50bXD7Vzy7M+f8Ax6vlcBjqdPNJJuzRGQZjChm83ddj5kvrCWxuHt7iN0ZWI2sMHGa/WMNiKdampp3P3LD1IYikp0pJlcx9QeT7Vq5xWrNZpwjeRctPDutX6eZaaZcyL/eEfH5nFc88bh4PWaPOq5hh6bs5pHuHg+6+CuqPDfWd4fDlwxDpFqXEDkH+GdSV9sHB46CvzPMMTjtaclzK3Tc/Mswq57CjzVoOcbbq7PoS48N6X4o8PrFpz6fqETR5BhZJEbjqCP518Jh62Ly+u6vK0r/M/N6GNxWDxntZRlF3PPdB+CWheCdTbxj4lvbeFYXMi5YIka88EnGT1xivq8RxBicdh/q9NNXPr8XxZj8zofUqUG79SXxJa61P8PNT+LfguO4tdS07VZNS0uZQUlMOQr4B5KsFJwe2K9/AUuTDxo1d7Hs4DLZUsPGnWetjxDxZ+1T4kvLUXOl2mlQazdIRNqMOnxx3YY/xBgOG967YYac7SlsmbfU4w0TueFQ2ur+MvGGm2l7LNPea3qMMDPIxd3MkiqSSc5PWvVnKFClLlWtjhxMVT0Ppj4yXUOq/FnXrW1wbfRQllHjoRbxCIY/4F/Kvn5OXJeRwwjd2Pftc086V8CNO0RT5TXBs4XH944LMPzAr56E+erOR6kqd1CBT8H2pvvihFZHOzSNDiCKO0krZJ/KpqStSv3N5N+1UV0Mv9q7T7g/DSaAErPDBLeg9wY3Q8fgTWmURcMT6nFj61lzHzV8M/iFb6pNHCUWO7jH7xHORIOmQPevpMXScW7GWBxfMuSXU73dqFvqYuPB0k9qWOXWJyBuPX5Tx19q8nlpL4z0uepF2pM9s+HOmfH3xvNHYXfjObTNPRQZWtFWKXZ2/eAbhn2xWbnRhpTHiFUppTrHoHiCbwd8FPDU+q6/qL+Uq75LiZmlknk7ckkkk+prmjhp15XRUKkFDmR4jpnj+8+OXi6C91BpYEiLQWmnOebcBWJc/7TLt/A1ti6EqFOzJo1aUruB9GaEBZW10GBCz2S3fPqI9rfyrwW7yTZjWbczxT4Mxy+HvipoZmcl7q3ngk7YLpuH6mvbqPmopkYyP7rmZ6J8d4FbwqvO4Yjzj1yQf1IrhpWddG+Ct9Wfc/PD406eVh8MaqpJka1n06RwfuvBKwA+u1ga+4ymdr0znrOWkil4G+IHjL4eXDHQNVure2lIMiwy7Vc9uPrnnrXXWw8ZzajudM6MKkE5M+of2ZbTXPiXqniLx54m1CaZTbNYWTXMhlZGYDe3J4A4/OuD2LoybR2xwdOhFJde56Jovjjw7p9nb+BvHDw6PrWkRC2EF43lxXCAbVkSQ/KcqAcZ65r8/zPL8TSxjxFKDdz85zXJMZhMa69KLafY8M+LXhrwdq2tm5s/GXh61ijY7/LvElc57YQk5r7XJM0qYamo1abv5o/QeHM4q4aiqc4P5nKaUngDw+5mt9OuvEVzECd0y/Z7ZcDqWYZI79Pxrtx2aYjFS5E0l5H0E5ZnnDap+7DuW/DWv/Gf4jX9zB8O9M0q2s7NctKbINCecBVL5yeeo9K5ng8NDWc22z5XG4F0anJz8xR8ceF4Phj4ttbyL/SfA/iJ91rMvKQyH+E+gzWGGrLERlGOlRfkfWZLmksHVVHEu9KXfueseD9D+HVyBDdWYtJHAHn2kjRs3Gc5UjP8AP3rlioVH7OtFNnq5xw7hpSWIhBNSO70T4a/C5dRW/wBQv77U/KO6K1vLuSaIN67XYiuulSoReyPnpZesNFqlTS+Re+MXxGtNC8JXGk6VCJZLmJoAFGFjUjHQe1dE6sNkehlGVSxNR1KyPhPUrD7HMsmwZLEHiu+hUdSKT6GebYGOFfNBHR/s92AuvjJY6/dojWXha2n1qbcuVzEp2Aj/AHiPyrXHVUqKXVnxWP8Aek7bfqeleBNOu/FWtHUZ182bWdRR3z1K797n88V4OLqclPTsc2HheSv1Ppj4lsJrzw34fj+4Gad4x7YA/rXzmG0pym92eok3iVDoiD4Sx/aviR4x1B8CO3ubK1RvQBM4/wDHqddLlhH5g5WqTkjA/a6vDb+KdC0eV8W2qaVqdoV7Mxjyv4/LXfl0G6nP2Z5GLkpq0up8SHSW03wTZ+LdMHlXds2PM9SH6V9Sp+2qcktrXOOVL2dL2sOjPpb4C65Ya9YHU2kV5plXfGQCUP8AF+ueK+ZzGLpt2R9Vk84VqV5bn1P8NtY/sm1uy6Ru0jDbgYIA7n2xXm0aqSs0VmeGlOKdz43/AGmfi9cfEzx7F4b0uZpNC0l5cHok8qHlvoCcD3Br6XDUuWHMzwK87WpxJP2VJftXxwtLe6lKR3cflDcePMxnJ/Bv0FZY+CqQsXRm4JtdD7j+MekWvgbwvbXtm7Mz2lxaM2eCzINv614eJwEaNnHsZ4DGzxlRxqLY8Va1+x/EPw5eKhTy7y3V/dWTH9a1TToWPUxKVSg4vodp8ZYZJPBDS4P7mVoz+LHFedh3avcnA6QSPhL4qaM17oPiG0iUu2l3dtrcAXr5MgEU+PoVB/GvssJUUJxk+pdS3JKK3Wp5pokX2lII2AYDnmvXxLcPeR7OW0VinCLR9Ifs8eNL3wZcvp0bqbK6O6SMjo3tXjVMTPnufa4vJqWIwyVrNdj3zxHr/gDxFZiPX9DtNRXqnmxhjEfbPetPrGmp85HAV+flaujgtc1HwDpVt5Wg+E9OhkYEB1t0DfniuOtiJKPLFnt4PJFVs5x0PDdTtbz4s+OYPAXhZhFAmZ9Yu1JVIYh/CSOmcVXtI4ah7SqtXsY5/mqpxWAwVk1u0avxD+Mtr4HitPBXwyuUsrDS8RvcxgAzuAQ2SMZ/+tTw+Aq4v97N2ufnmKxNLC+5q31Ifgxr+i/EfwtffB3xfKJLbVY/M0mdzkwXA6AHsaxzKjLL68cXS+foVgq31mk4VHqtjl/D2u+IPA2oah4E8Qsy6hoc7Q7mXlkH3Tz1GMVpWhGu1iaX2j9T4WzaGLwzweK+JbHU2PxL1mF8zzqIy2c96zUJbdT6GWEwst+hQ8T+P21r90zNheRzwT61UKE3LU5I18PhLqJ5lq+oxvI2CrLEu5j7k4r3aFO0Uj4XOswhVbZ3fwp2eH/hDr3icIRf+ML7+x7Jh18hMNIfpn+dcWNqOVXl7Hwtb3oerPavgToYk8XQQRqRDplopYekjnJz+GK+fzKq4Q9TehTvNPses68wvfiWyg5XTbRVwezHmvOl+7oLzO6jadZyQfCQhNY8bucHOrWrj/vhRSxSd6b9DCC96Z5l+2/qk1n8VPA0XnkQR2E8+z1JcqT+VfSZTTUoNnz2YScZpHzz4YsTr3w81fw35YMkRkki45GRvH8q66k3RqqR3YSCrYeUHuV/hb4i8UeD5Rd+G3AUqPOgkQsjk9TwQc/4CqxtGnUir9TLLqlShdLoeyXnxc+ImqwGKG3OmRPE8M726tueNhggEnjNeXHA0um57ssRUqJJ7WOd0D4d2jaZrviyWMxwWtsLW2hI/wCWrEO7ZPsP1NavE3tRXQ5YYFNOszI+Fl7d6d4y0fUbKVoppNSSUsv8MZYLj8q3xCSgjgpRbckffH7Z/iKHQ/g9p91FcpFJcavYRIrHlw7DIHvjNKdJV46dEebll44iSOO8TWMdvqugakgALXloHXOcAEc/yr5eE2nKHmfRzV4NHZfEDSzqXg3VrMZJCtMv1DZrkjLlrGVD3UkfDF9NbWnj2DTtQjJt9Til0ybP3cSj5c/8CFfWpOVBSj01L+GtrtLQ8Qkim8Oazqeg3IKT6XeyQ4PG5c8H8sV9En9aw0ZI9PLcZ9Um0+jsjr9C8UNZbJ7d+QeRnkGvIr4WTd0fouAzinUo2qHS3Hj7U9QjCR3bxnGOD+tcroy2PboVsLJXMPXPG2o2enSRR3Lz3UuIoVHLF24GPXv+VVTwzc+aWxxZpnNDAUJcm72PQbyEfAL4Sx+HxsHjHxfH9q1SYnMlvCRnaT1GAMfXNY0Yf2tjOV/BD9D8lxVZ4eMsRJ3lP9T5hv5ZPEN2wicm3izsbP3jnk/rX1NKMaUeWR5GFhLFttoveDNau9D1NEt2aOWKRbi3ZWIKOMdPy/Wlj6Ea8LTWlrHPDmo17o+i/jdpyfEb4caP8etBhxqGmbbDX0jHzFOnmEDuDjr2I9K+WytvC4iWFqfC9j6Kni505Rr0t+p4kviK4aEFnDAjIAHAr6FYSCb7n0C4hna9ypJqV1NG26TqcAA4xWsacU7S3POq5pUqNtPQxb2Sa/voND09DNdXciwqqnJZicY4+tayX1eDqyPBxuJ9rL2dN6s+jb/SbKDxBoXgfTMHTPB+nRRzlD8jXTjfM2ehPKj8K+enJzi6nVnNdTkoLeKPef2a7L7VpuoeJZoyP7SumZCRyVB2rj8q+fzapGbjTR24VONNz6mppExuvGPi7UZGyq3IhUnoAF7fjmsK65lCm9rHRhVyXkQ/CbUF/wCEn8XQu2FaO2uiB2CttJ/lW+Jg3CBkm+d2PGv259Zj1D4neFZbWUOItAmOR2JlOP1zX0GSaU5X7nzuYwbxCh0PMfhVqsWk+I7dLsBra8iSC4UjjGcE/WtcdeUOaG9zry+ahVtLZ6HU6J4ej8OeKtc8G3D7TbzrNaSkcSQtkrzXNiJudOMluelhKSjUnTl12On8V366boI8wsWxkEZ52joPxxXHRb5+dPU9GtKFOCp9bHS6nYXWnfCu00YD/SruFZJc9Q0uCfyXAqKV44jmexnOlOGG5TznTrFPDuqac8yY83VLKCM9Pl85eld0p+1UrbHmSUaMOZbnuv8AwUk8WTQeAvh74etS3mNO+pOPeJFC/lk/pXbl0OeLv2PGwkHGtKSPX7W0h8UfBrTPGsSCSW3t7a6zjrjYWz+Zr5GvRlGc5x7nrzxPJNU31R02rMJdMulALBrd+B3yK82btUTOinG9rnwJ8XbMQ+JJXiG14pQY27q4OVP519rgpqVDlfVE4qL51b1PJ/jg7f8ACQaT45iizb67YxJdFF4W7iyjg+hOAefWvYyx+yg6C3ObEYhxqRkvh6nKW9/buPMguAA65BBxiu2UHezPYp4l1EpwlZFuHVZY02C46g4OawnhWld7ndRzKrSWstD1v9mjwVb+LPF998QvEQH/AAjvgqBrt3l+5Nc4yq89cHB+uPfPlZxN0KUcPD4pfkcGJxs8XLmb0R5/8aviDqPi/wARajrVzK4lv5PLhU/8s4uw/wC+cfnXTlWBdDlXTdniYyu6krM8/hvotMhXjez8BVHQDvXsVpKT20Whrha8aC5Y7mZ9reCaO8QEsjb8nv61tUiqkHA8lVJK85dj6t/Za8WW8+qzeB9XlVtJ8ZWjWrI/K/aAp2HB4yeR9cV8nm+HdNRrQ3iezgKnuqL6o8A+IXhrVvh1441fwdqEUkH2Kd/s+8YDRZyCPUY/lXuYGvHE0Y1epyzlKlUlCWxy0uoSiJmMzEsRtwev/wBeu5whbmkZzxkl7kD2XwB4RT4eeFY/ib4ktgms34xpUMg/eRISAZSp6H0/GvDxuMeJl7GGx14ah7GH1mpudh4KLv4B1jVmc/bbi4mWZmOWLtg/+zVw4mPsakILYqlTUeao92fZHwl0ZNF8EaLZmMKRaxs3t3P9a+TxiUsU0u56UFy0NTzrwTe/atE8U6gJCwl1i6WNieoDACunEx5Zw9Aw+sSl8J5HT4s+MrBpGMc+igxrn0IH8zXVjLxoQa7nM5OFax4d8a9G8SeM/iJYxaHbreXeneGFuZLbd87qJW3bR3PHSvbyq0aDkzxswT+tL0PMtP1SYSLJ5Jtp4nJIPbn5h7EV2cibfaxzqT+53PZNV1xvE+laB4ws0DXumJ9i1GMfekT+Fx6nn9K8tQ1lBnvQq3jGstyhretDxL4t0Tw9ZMbhbm6jXYpxhcgsT6cYpQoqlCU2XWrKtUjFbn0JqX9laday674gaNLawjOI85MpxgAD2/pXj4WrKrOUD18UnRpxlJ6Hz9rc+oaxJZ/ELVFj0vQ7fWbNtOhmJ8y+2TLu8tOpUDnPvXu4ajZNHzeOqKq04bHSf8FCvGaaj8WtH0OKcta6VocG2I/wtLufn3wVH4V6uXU9Gvkc+Fai3c+vf2MbqDx1+y5bWpkErJby2jFuowvT8jXk1MKm6kfNnn5nWcMRBo67QdAvtY0AXUEqYRRE2e+3g18r9Xcm5dj154yNJwXc+Iv2iPDlxpev6ikkXlsHJBHqDkV9Bl7TgjuqS5nzdLHkfhO40rxBeXngbxQqjTdXYmGVhxbynpIuemCOa9TEuVKKrQ3MqFKFZSpT6nkHjrwR4j+GniKXQfENnLEGdjbT7SI7iMk7XQ9OfSvaweIp4umnfU8mtCWGn7KT0MOGe6unSwsQ81zcOIoo15JYkAD863qLkvOb0Q6laU7QpM+vvGVlN8I/gH4V+GGfs+reIIzqerqh58sckNj1OBz/AHa+SoqWNxrrT+FaI9Z/uKFnufI+t3z3usTMrbo4yUXPr3/w/CvraT5dDwJTc53N34Xx6XdeJLtNZ2bFsjsD9M719e9ceYc0IJR7npYJ05VG59jiWncptBBGPWvQSXNzRPH52ko7nofwq8TXNi0bWsrLd6XcxXVqe+VYGvNzCkpQdz0MvrqT5JH2V+0P8G9P+P8A4L0Px/4faO31K4tUuLedVyCpHzROf9k5/GvlcJjJ5bV5bXgezWwtPHx3s0cF8PP2WvBfwj0wfEn4z6vFeyWwL2lmeIS+OODyzdPauvF5zUxr9lQWhjgssp0JOU9bHlvxD+JEHxH8bzvEo+xadEZTGq4SONfupgD8T9a9DB4R4eHNPdmOLxUcRU5KeyN/4dyG/wDM8OoDm+v7ab22nGcfkKwx8rLmCLc5xPvWwhFjpQhHAgs2x+CGvioq9e/dntYh/u7LojwD4YTCT4ZRMjgm41C4YsO58wtz+ANeni43qR5jDDP91zR3Mb4X6/HdftE6jpto4YDw9KJyP4HL7wD+lehjIcuDTfcwk1PEadjwb4veKtb0X40Sa5odw8FxpENvDFKjYZWA3Dnp1JyDxXr5Zh41MNaelzhxSdSve3Q0fE0+n/EPTX+K3hewjhuISkPiXSolx5cxGPtKKOQrcbu2RnirSlTl7KXyOH2blJsk+HWhX/jKCcG/GjeFtOO/UtUkO0EdokPQk5x9awxKVKd1udGGlOs+SK0R67omlfCrxRpy658H5WsfE2iq0UulakfK/teFOr2sjcNL6qCc46DNctWFapD3juVOrRr80Y3jbXyOV8S+MoPGWofYtZurmy0LRIPtWsNKPKlbbj/R1U872JC9Dxk9+JwuC5Zc0dx4rGyxadNaJHlXi/x3r/xR8QG7soFgttPCi2hiUmG0t4zkRoO3Tk9Sc17EKMKCfM9WRTw8q1K1NbHX/tfaNquofEaPx9byfaNPvtF0yQvjIGYFz0qsBWjGTi+5VLLKjpSrx2R9hf8ABL7Uxc/DDX9FEpeO2vFMak9A681jVinXn5o+Zza/uyfQ+jfhpZn+y9X0V0Jaz1GaI/QtkfoRXhYXDqcpwkLH1LOE12Pl79sbwYmm+JLiWGORobu3WZcr3GQcVdOh9WrqK2Pey7EvG4VqW6PgrxFeXGk28urWcbM+lyoSuOTG2MivoaNNVJcrM61WVKzjuj6F+Hfj34ZfHbwta/Dv4o2UImmjC6deznbuboAJM/Kwxx+FfP1sPXwOIc6Ldj2Kc6ONpr2qWx2Hwm/Yx0HwD42k1RrS41NlIFo11tK24J++DgZI4rnx2bYrF0lSlp6E0cHh8LF1I6nhX7VnjxNT+IXiS7jug9vYt/Y9ic8FY+CR9WLV7mVYWapRj8zzsxm1Tvfc+XRdbfnaXGTzk9+9fTOLsk0eB7ZU43bQgvCjmSCeVXIxujGTj07VM6UWrSJdZyfNSO1ufhd4fnXz/D3xL0a4Tr5czGCRR7g5rj+uVIv34HbLLqb96nVSXqJp3htvCd9balN4hs7iJpRE4gfcNp7/AJ06lb2kNUXRpQw803O59l/CX9oKD4U/CXULDWbT+1PKuN+g24bPnbx8yewBBP418xicNKvV5YrQ+iTVKCqQPC/jB8VvFHjCafxX42vxNJF+7sbGPiCAnoqr3Izya9LAYKOHei1OXHYxwp3W7PN/h6S9lq89wpe5u42aQ9yTzXqYqMk1c8jC0uSLn31Pdf2e9LbVfiBocKAu3kJMy+ylsk/pXzuZ6U2elhfecT7qkX/iUapOBkQWU5H/AH7OP5CvksFF1K/zPWxM7RaPlv4T6zY6H8G7rUtScLHYXNw3zeu4/rwa93GUfb14Rj0OXL6ns6U+Y84/Zf1WW++LmteI5WYf2lY3M7E9QjSAKPwBFelmlNfV4wXQyy1OeJlOW1jpPDvgjQvHcvxCudXsop3l1BIbeZ+qFOu0/jUSxMqFOEYHo4LB/Wak5/I8ClW++Hfjm70CDUrq1srt0sNQaIjMtpIy7xnHp3r2Kko4nD+0j8SPHzLCVcFXslozu/jzqV1p93L4U0Gwh07w14eMQsbWEEpOki5W4fn5j2ye4rjwseZfvdWenhKdLDQVWHxM63/hfPhbxD+z3ofwhTwig1nQpUmt9aM+JYZC5YyLtwyn5tvXtSqwqb9D2MvwMZ1J4p1LLl1j5nPfHzx1p3iPRPCuhaXpROsXFp5+oX0yj7VKNxVFZhjJIGeQTyKnB0qlNuctj5utRjiK/JTW7PdvgZ8PPDGh+EXtksbcyajZ+VOHTLfvByST3zkn61zV60nWu3ofT1MHPC0FGK16nB+NbO/u/Bp0LUYVabR4X0yQHrsjYmM/98sKIy5ZqSPYyeEK1GVFrQ7v/gmJ41g8P+PfGXgW+n8tb2KC5tlY8EqWBA/CvRxUlTlGp30Py3iDBOFScV0eh90fD6WCHxj4t08ZDedHcgEnPOef5Vw4dKVaTR4GNjJ4eE/kebfthaLBJ4VtdenU7bZjbSPnoHxt/Ws8c/fjKJ6fDtXlm4M/LXxf/ocfiK2BDqLgxgdcgACvWwblGSbPSrRvKTOJ+H2pRrcTeGr1sRsTNaMT9xxyQD2PpXdiqcZxbsc+XVWpulI+rPhT+0t428N2lx4B1y6l1SK9tjDpF1O2Xt5dp4dupA/DpXzlfBRUOZHu0f3k3Tex8z+OToupeI/7G1nUXRbfc88+4fPITyeffPavdwXtvYJwR4eNnRq1nSqOyRjw6F8HbYmXUPEupzgZzFbxKWOPcjFb82LnsjkSyqDtKWpvaLq/w4jLw+Hvh39sRAMzalcZdh9OAO3b1rGdDEvWo7HoYavgndULHk8MjXDzTsAd0nlrnkjj/wCtX0rpKerR+bwxNapLlTOl8WaFa6HpmlXNsP3t1b+bIf8AaIByB0rgp/vqrptKx6uJc8NGMrnqfh25n1jwX4Ye4fJ8+4P4hFFfO4yKjiGo6WPvcrqyq0I85wPxLv5bnxHFpRJ8m0jDBT0Lt1P8q9GhHlpc/U87H1HOq6fRFnwncNZ2N3OCS33R+Va1VzNX7FYKN4uD7H0z+w7GNV8Yahqs33tN0Fwo9S8xGfyFfMZ83Rpq3V2O7B/FbsfWcesSXPw21vVUUq32ORMHuBkf0r5zBQVKtdHdiveimfEviXUpofgadMgO37fq828+iLkkfWvosLH/AGnmZ506j9lJIk/ZxMVprOozqnP2BYhjsCc/+yitMz3XqepgqahQ51vY67wNqLWPg7U7iMtm51C4lfHqTisJ2SR9Nw7RU6bcurPG/ilbxatK2tOgWWIhGwOXGMc114ObceU9DiHAU6uHdTqkdR4T8RQeN/Euh+Eta09JI9Z0G60KWX+L5Yy8EnPdHXr6E8dMdzgqbuj8xo1JQVrmL+zn8N9N8aeKr+38Qu7WWn2815PHC+1pDGcAAkY6gnn2rHG1m4qKPeqv6vg+dby0KMV5F4n+I2pay8HlpHORbxdo0Q7VH4AUVJyjhz1eEcFTr1lKWtj6M+HfiW4ETbgxxgYzgV4TV1Zn3WZYaEnaKKHxVRd82pwjabyPEynuVHB/I8/QVtTfM1E8bB0PqtS8epxP7JV7Jo37RNjeR8pPMtiV9PMWTafwKD8zXdjPepRg+58PxFBSxM4rY+8/A/i/U7b9pS+0G8mMsGo6MrAAdGDZyfw4rz8FXlGtKPTY+XxmDj/Z910dzd/asCX3wO8Z7l5sbJbiMnsyMCK7IpVaqpy2PMyuTp1FI/Hm/wBVk1C71tJB/rJXce3Ar3UuV2XQ+kSU4Ns89uJZLK4hvImxJbuJAR6g16LjGdKz7Hj1E4VeePQ9z0qRb6/8O6igKGWdZgD1A2Ekfnmvne8WfR0taKrdTyJZW1H4kyRz/OtxqLptYZGN+Oa9+m3Sw6sfB1ajr5jKMtiX4m+GJPDnibV9NDwmOGQY2dBuAPAxXRgMRGWjR5WYUJ06jlG1jjbe+ngCojsMLgkHk816UowqrVHJSrTpK9NtXP/Z', '0', 'c4107c8c0dd243ab9d60c7d2f8a2be23');
INSERT INTO `user` VALUES ('11', 'qwer@qq.com', 'E10ADC3949BA59ABBE56E057F20F883E', 'qwe', '1', '0', '', '0', '4603cc746add42a6a6444de258feb50c');
INSERT INTO `user` VALUES ('12', '954347361@qq.com', 'E10ADC3949BA59ABBE56E057F20F883E', 'qwe', '1', '1', 'data:image/jpeg;base64,/9j/4AAQSkZJRgABAQAAAQABAAD/2wBDAAMCAgICAgMCAgIDAwMDBAYEBAQEBAgGBgUGCQgKCgkICQkKDA8MCgsOCwkJDRENDg8QEBEQCgwSExIQEw8QEBD/2wBDAQMDAwQDBAgEBAgQCwkLEBAQEBAQEBAQEBAQEBAQEBAQEBAQEBAQEBAQEBAQEBAQEBAQEBAQEBAQEBAQEBAQEBD/wAARCADGAMYDASIAAhEBAxEB/8QAHwAAAQUBAQEBAQEAAAAAAAAAAAECAwQFBgcICQoL/8QAtRAAAgEDAwIEAwUFBAQAAAF9AQIDAAQRBRIhMUEGE1FhByJxFDKBkaEII0KxwRVS0fAkM2JyggkKFhcYGRolJicoKSo0NTY3ODk6Q0RFRkdISUpTVFVWV1hZWmNkZWZnaGlqc3R1dnd4eXqDhIWGh4iJipKTlJWWl5iZmqKjpKWmp6ipqrKztLW2t7i5usLDxMXGx8jJytLT1NXW19jZ2uHi4+Tl5ufo6erx8vP09fb3+Pn6/8QAHwEAAwEBAQEBAQEBAQAAAAAAAAECAwQFBgcICQoL/8QAtREAAgECBAQDBAcFBAQAAQJ3AAECAxEEBSExBhJBUQdhcRMiMoEIFEKRobHBCSMzUvAVYnLRChYkNOEl8RcYGRomJygpKjU2Nzg5OkNERUZHSElKU1RVVldYWVpjZGVmZ2hpanN0dXZ3eHl6goOEhYaHiImKkpOUlZaXmJmaoqOkpaanqKmqsrO0tba3uLm6wsPExcbHyMnK0tPU1dbX2Nna4uPk5ebn6Onq8vP09fb3+Pn6/9oADAMBAAIRAxEAPwD8qqKKKACiiigAooooAKKKKACiiigAooooAKKKKACiiigAooooAKKKKACiiigAooooAKKKKACiiigAooooAKKKKACiiigAooooAKKKKACiiigAooooAKKKKACiiigAooooAKKKKACiiigAooooAKKKKACiiigAooooAKKKKACiiigAooooAKKKKACiiigAooooAKKKKACiiigAooooAKKKKACiiigAooooAKKKKACiiigAooooAKKKKACiiigAooooAKKKKACiiigAooooAKKKKACiiigAooooAKKKKACiiigAooooAKKKKACiiigAooooAKKKKACiiigAooooAKKKKACiiigAooooAKKKKACiiigAooooAKKKKACiiigAooooAKKKKACiiigAooooAKKKKACiiigAooooAKKKKACiiigAooooAKKKKACiiigAooooAKKKKACiiigAooooAKKKKACiiigAooooAKKKKACiiigAooooAKKKKACiiigAooooAKKKKACiiigAooooAKKKKACiiigAooooAKKKKACiiigAooooAKKKKACiiigAooooAKKKKACiiigAooooAKKKKACiiigAooooAKKKKACiiigAooooAKKKKACiiigAooooAKKKKACiiigAooooAKKKKACiiigAooooAKKKKACiiigAooooAKKKKACiiigAooooAKKKKACiiigAooooAKKKKACiiigAooooAKKKKACiiigAooooAKKKKACiiigAooooAKKKKACiiigAooooAKKKKACiiigAooooAKKKKACiiigAooooAKKKKACiiigAooooAKKKKACiiigAooooAKKKKACiiigAooooAKKKKACiiigAooooAKKKKACiiigAooooAKKKKAP/2Q==', '0', '869ef349c5a4437eb1d163b2fb1d40d7');
INSERT INTO `user` VALUES ('13', '1145580046@qq.com', 'D785C99D298A4E9E6E13FE99E602EF42', 'www', '1', '1', 'data:image/jpeg;base64,/9j/4AAQSkZJRgABAQAAAQABAAD/2wBDAAMCAgICAgMCAgIDAwMDBAYEBAQEBAgGBgUGCQgKCgkICQkKDA8MCgsOCwkJDRENDg8QEBEQCgwSExIQEw8QEBD/2wBDAQMDAwQDBAgEBAgQCwkLEBAQEBAQEBAQEBAQEBAQEBAQEBAQEBAQEBAQEBAQEBAQEBAQEBAQEBAQEBAQEBAQEBD/wAARCADEAMQDASIAAhEBAxEB/8QAHwAAAQUBAQEBAQEAAAAAAAAAAAECAwQFBgcICQoL/8QAtRAAAgEDAwIEAwUFBAQAAAF9AQIDAAQRBRIhMUEGE1FhByJxFDKBkaEII0KxwRVS0fAkM2JyggkKFhcYGRolJicoKSo0NTY3ODk6Q0RFRkdISUpTVFVWV1hZWmNkZWZnaGlqc3R1dnd4eXqDhIWGh4iJipKTlJWWl5iZmqKjpKWmp6ipqrKztLW2t7i5usLDxMXGx8jJytLT1NXW19jZ2uHi4+Tl5ufo6erx8vP09fb3+Pn6/8QAHwEAAwEBAQEBAQEBAQAAAAAAAAECAwQFBgcICQoL/8QAtREAAgECBAQDBAcFBAQAAQJ3AAECAxEEBSExBhJBUQdhcRMiMoEIFEKRobHBCSMzUvAVYnLRChYkNOEl8RcYGRomJygpKjU2Nzg5OkNERUZHSElKU1RVVldYWVpjZGVmZ2hpanN0dXZ3eHl6goOEhYaHiImKkpOUlZaXmJmaoqOkpaanqKmqsrO0tba3uLm6wsPExcbHyMnK0tPU1dbX2Nna4uPk5ebn6Onq8vP09fb3+Pn6/9oADAMBAAIRAxEAPwD88G+BPixFZm1TRsLyf30p/wDadXdH/Z08ba3GZbTVNEVRxmSaYZ+mIjXss8Elsu3IckBSPqP1HSu38BW3mwyMUI4x0A+bP5V5M8ZUjG56M8NBPQ+df+GVfiIRkav4eP8A28T/APxmnr+yf8R2BK6v4dIAyT9onx/6Jr7L0Twhr+vytFo2mT3c4Y/uoeXI4y20c7Rnk4wMjNe0/CH9lPx54n1xJ9atbzQLSP5/tF1bEHIA3IF6hwcjDAAgE+mc4YzE1HaP5GcqNOO5+Zyfsl/EhyANX8Pc/wDTe4/+M06P9kn4jyZ2614c4/6eLj/4zX7czfD39nfQjH4L1NPDkuvOFWcLcwpcCbHVY1dTG+WyNiAkE4B5xn69+zp+zoIUuG1IaeZysUfl3sY3khWUbW46OvTGQy9ScnpcsUuqM+Wn2Z+LkP7HvxOuJlt49Y8NmR/ur9ouMt/5Bqz/AMMW/FcPHHJqvhuMyyGIFri4ADg4Kn9x1GRkdcEHuK/a3wn+zX8GzqGm6/puoS6ijzLqdnuZCrqjoSCMc/NtViADjaG55ba8Sfs9/DTVNS1Q20Agv9aKSJHE6D7IUAZpI1PQMwj3HB6jGMimni7XuhWpXtqfhh/wx58TScDW/DJIxnFzccZ/7Y00/sgfEsddb8M89P8ASbj/AOM+9fqf8SP2etL0TQY9V0a/F/NcQy3UzQbQLeGP5mLDJ52Lg4HDtjgMAPn+azMbs2xlBJKlhxj0rknjMRTdpWNlQpyV0fGI/Y++JZAI1zwzz0H2m45/8g06P9jr4nyY2az4aO7p/pNxz/5Br7FFucEIxzn05/8ArVv+EPDkur6iiJCxA7ms/wC0a3kVHDQk7I+Q9B/4J7fGzxCA1lr3g9A2MGW7uwP0tzXQn/gl/wDtAAAnxV4CHGf+P+9/+Ra/UXwJ4IgtLUSmE8LnJ9aueI4IrGGQoxOFPBGAKSzDES2a+49P+zKCjd3v6n5M6z/wTk+NehxtLeeLvAjKvXy7+8OPztRXMW/7EvxUuZngg8ReE2ZOv+lXOD/5L1+jvijxLb3FxLZ3rEAn5SD046H17flXA6dpy6V4jadZd9rdYXnnBPT/AD71jLNsRBunK3N08zz62FpxXuHw1D+xd8UZ7l7WPX/Cu9Dgn7Vc47/9MPaq9z+x38TrWc28uteGQw7/AGm4x/6Jr7m1fRrjSNdadP8Aj3uQZEO3uTyOvHJ/lWBqAD3jsMkHuR1PFEM1xE6lrq1uxz+yg1Zbnxn/AMMi/EkAltb8NDH/AE8z/wDxmkH7I3xJIyNZ8NkYzxczn+UNfYbQ/wAPdgM5PcfyprRqwO0BhkcsMk9f/wBddX1+sQ6SR8d/8Ml/EfGRrPhw464uJzj/AMg0w/sn/EUYxrPhxs9NtzOc/wDkGvsAxkDc0YXHoeOtVZYyGPOO/Hen9frdxezifI//AAyp8Q8gf2z4dyf+nif/AOM1PZ/sj/Eq/nFvb6x4bLnPW5nH/tGvqp0YMY16MMdcY9a6LwlazNdm4hjJJQgY5x05qKmY1YQcm0Hs0fKI/YU+L2ATr3hIZGcG8uc/+iKK+yr/AFjUobySMcAYAHPYAf0orzFm2YvVRR1rDULayPnrR/C154p1i30jQbpLi8uJNio7rGGb0+Yjn6192fs7/sVatbeHk1z4rW1zp1zC7GPT4Fja4cDkHcWKLgj+JWyOhGRXqvgj9m34K/s26aPHk+iPqGuxxb0N5cbo45tvIjDEqDknn5mP8Ck4Wsrx/wDGW61a7n1C78Xy+ENJsVRpFLeZdMpdVKeUFwjSDzAAcyYXcqcPj3FQilap9wpTdR3jojv9WtPD/wAOtUisvB/w50W0dxbytezvEsjEtsPl5YYkUkK3zLzIGLADJxtQ+J82oRT2hTWb/wDs27ltL1rEqu35FDfuZklMgzKp2yAKrdduxsfMFx+0QNI12LXF+2+HtJnvVurie60bNzqEZBRGWKeM5fywSJBcEB2wSWYCTiIf2hfEmpRHWP8AhHl0HTZoJilr5djpqfOCu4yr80yMQSVCgfMVO8pubVS/lJUUtWfRXiv4h2k0ESyaIum+I7SM3P8AaN/pUE04t0bO1VmuSxjO7aSoMUe0jdjgeY6zH4hufD8skQgstQklCRmwjAs5iWGChtF8uLAiQq6RKjlWLxgyFa4iDxx4m1O0n1CPxnZX6TyOhhEh2EsGDcttHyrhRGjMGJYkgkNVmPWvHwiP9jXstzcXCA3EjOtvKHUAbkExO4EYACg9B8uAMPV7idiKLx74o+GuoQQx6pPbW0yXM2nxzQSNaRySKJZ42mW4DKW8tmQthRs4fOSev1P9sXUvAkltrl4qXajUZbmYMvyNiOIpGkhUNjMDAswxjblFIGMHUY9E1TTFPiy1uJrzWPMtRptnPNFNJI+BgNLB5e8g87NjEbcbnBkPC/Evwlplr8MZNUvLHULixsr+JYreyISe8wrC64WPdvWJopGVf3asCx42stJ8ugmna72PrL4H/tB6P8SrW41K6udLultL2+n1Kzhmf7RDEpUqzI5U87Uww3KAkp3fKQF+NPwB14pL4i0fRYoLOC23zR2yb2eXjfIFB4jCquByQMjrXy38HNFi1L/hFINA0vU00zU7GbUr7U9SvYLeWwm84eXPNKm0TNi8gManGEIjDbi4T67+Gv7RNyfD+jW3jS6tZr29tVSR3iMYuIVJQSKNpVkZVOdo3YKdN2azq01VjaQQck9D5aaxJlMKbsZwCw27uK9v+DnhRAI3khyXxknOfxrsPiD8HrTxhPJ448HGG4c3DS3sVtGV3FgrKY1x/dOf1xya6PwF4buNHhXzraSNowquGjIKv6Yx/nNeLUg4OzPWwkIt8x3SRW2nWGyNAMDGB/n/ADmvJ/iNrSQW8g3Z9Ae9ehavdtFG8YcLhfuE9e2BXzf8UddnjllJDY3MACeMj/8AWP0q6cEtWdNepyo828S3ktzel0znfgfN0rU8Fiz1C4ey1CQKCPlLHp7VhRQ3N1++YE78lQBkt64x2/rxSwvPZzLcxllI+vIzXLiaSrrz6HltNnW+JbhbfTX0y4gZpYH3RzH+LHb8v6GvPJFMjOxA9TwcD613Uurza7pxinTMiZbOOvv+p/L8uLdHSXhMZOecnFc+EjyOTluY046u5B5Sd1JHQ8dc9f1pFtt3OOR/Orxj+UB1Ck/L0/IVLa6LfajKWt4W8qHb5kmDtTc2BkjpknrmuqtN04OSHKOhiy2bs/lgEk9CBz/nrUb6ZfDBa0crwAPLxx/Wvf8A4c/CC51bV7aC8sR9njuVtrtHfY4bL/K2cMADG24rkhdxHQ16nafsr6R4hijml1Y2sS+ZE8iTKzkbpAJCoUD721do2j5GwQMAa0KdetHmhExlJR3PiiXRrtHSJ4XQuQxYr09sV3XgKA6bM7XMfy9Qqjk/4V9XS/BL4PzWseiDxeDfCJpPtF0ybpYMqgkjLFQVTYcMpKt+8HzdsW48Cfs6eBWuNG1bxVLqtxeNAdyT7/IVug+RSIz5b79xbJ4IACmrrZdia3uu1vUhSufLviaSzfWZ2jAIODzjrRX0fB+zX8JvinCninwZ4p1fS9ObMIWbTy/nMCWMil8ZTDqikZBCZ3MSWJW0cvqxVg5ktzgP2pfjRBcSfZ3CabbXmGjnvfPSdo0+Y4jj3SOM42rIUQlm3JnDH411fx7pur3ebG81LUbcIzk3Y+z+TldiNHbqzLlQD8xlDMOQF+cN7p42+E3ijxVqU19riva2oWTfNLMColVMhQRuLMSd5A3E7uCOTXlXjPRfB3g5bnRfCsN9fSiMx3Wpz/62U7tpSKEHKKQMc7mIOCygstdqu9zplZaI8e1rxJpOgXMe/SBc6hcYdbArukiiI5Z2kZgCT/Cd5Qqw+U1i3PjHWrk/8TphbO7FzBZymSdd3BEpZTvYjH3ySBjpxW+/gFtPifVdWaDT5J5maDzFLSucfeH3gDgjk9MDkFa4nUdLsrW5e3s4ZXkBLhpADI31VvX3/wAK2SRmnfRHpXw2bQm1E3E0V4hu3AknvcXRlTPWcD5sdODtU4zgd/qbwv4Qn8RWm3TdT0q3nkJ8tbeaKFyAByd5MRYDkBpNw7Yr4z+H6vf38NjNq8drJIcxQTxbFdugHmK42ZOAODjNfY/hDwprukeGzLfXNvYwsAEltbuQCQjAUfvRvd8kH5WAyOnHGkI3epjVfKdZfeEPFPgYxXuqwafroiiE0ElxLIks2c5/dJJKyqCSpddoyf8AWRjBPmt94y0D4p+PrEbbnStJtmbUZrWONbmzRIxIw87C5aLbvaRfmAVmIkj+YlniH4qfEXw1fXnhrwprMtwl6BbXCm8t2hjMvyMJvNyclQVLyLjb5q5BQsviOq+M9E8Q6LqIk1D+y9HgupHu4obWGJltBPC+yKKDYN8jEBUDqCHlyyRuHVzjcIy5VqerfH34jaRZ6de+OPhxqF82kaNb2CeH5bTT4LYzNGtxaC5ZkIZ0RUdoifufaZNjBWmWR/wr+Jev6lpfhXwLr0rwapbOITDf2jSGzi2hFEigkZKRws4yX2uoZsZB+bpfEt7qOmRarJqdvDpejRLZaTathme43SBrh2Y7thbcduVG9ySmAwPsnwD8La34j+J9rpx06XULTWM6teXMF4FlMrxyO+wb0LqNj425IIYDnopRshRleVkfop8AtPkvtHTxNo2t3VnJaQG0u5XLxRIq4DBkk+UFBgjIwQMZXBFfQ0eq6bEss0mopKissUmQp3Nu8sN8o6lgV+oxgYr5psLu2v8ASTpNhosf2iK0Sym0yO4jt5pZfl3It2rOyq0ayOu4qoKjnADmDVvEFzoM9xpsHh+O2mhP2m4ndobZEtEDiFPJbqouIp8iP5FWJhtbCK3PGfLsds6Snuz6J1PxV4EsALnUJbNpXVSFMILkHkdRxx64x3xXI65qPwk1Bnj13wZpCtcrsjW9sNjyHzfLcZVD8wbAHOckdM14Z/wtk2l62hSaXeyaPoVgf7T1m7uUhN1J/wAtVjG35mMjRufLDtEIUG3aWSnXnjrWbs2sdzqMV3JpMMs8f2uwd5DZXR8yF0V1Ba4KwgsxHEkM+3cd61MpuS2/AI0Ip7v7z0zxF8HPgtrmkyaJoog0i+tcOtzYAyNhgZFXaSzHC4Yjg45rzc/soXUl6trYePtLm84kBJbWWOVsEru8sZIUkNhunHBrn7z4ga740gl8EeKNUtv7S1y7S6tY9Ac3jzxJdFZWyQVjKqkg2dNzLu8sjNeheGvG2i6VpkqwMLnT08hYrW5nEG92m3KjKqvJlGLDbCjNtUs3XYuDowk7tGqVlozmLj9kT4habcldK1fR9Qjf+7O0ZHXBww+h/HvXI6v+zl8UdCuZGvPB91cW8RyJbVknVwD12oS2MeoFe9Wfj7XtGWWfSb6S70mNNiSp5lzdXCMc+Zaxv/rF+VjvCbeoCkYK+gaT8SNPt4hbavqMbS7GKSTSxxGYqA2Bhiu7ayfLkHc2CowTUrBUJXd2mzBupTbasz4dv/h34gGpm0k0W9gZSBKksDIUHQcYx2wK9T8F+AbTQtMvPEOtW11GllbmeGK2iLXEqxYeURrn5mwAAO5JU4B3L77ffGnw6YLpv7atbG5sGaK5t5V2sjqyLht4HAM0R2j5sll4KmvmT9o/4oax4i8N6Ze397HpjRSmJbxr1bSO58wl0tmCsHPyxE/I8bSZZVIBMiTHAwU03K6XS3/BCU5NaqxzfxH/AGuLkeFrTRPDHh28ln17XXWWWzgt31B4INxaSGHIZ4zGiIXSHaN7EMMpIzZ/iNfeHfDuhz3XjC/bV/D12lkPDjSzW0d6iMIpopYGt3+aK4yCjoW8uQyCY+aEPz/4G8V+HG+JNxod95l1o3iKxubuz03VPIls7WCcpNZzyRMV8u5ks3sD5iLDG8jnY4MWB6pL8Zvh54L13V9T8G6l4j8e+LPOt4bF762tljW/gUo93cTOI4vOdVly0fzSA5fcMgen8OhzrXY930BGvIdY1u48H6lpl39nn/0fU7KNtQvYWjUmNYvOjkTzyZHEPlwsXnVdqRLIpuvo/h7xJ9rn8feJ/D95oE0aRfZXtUmRGFo4mSO5gkDDKxg7HjClSjJHuyzfIvizx9498a2l3r3i7xprunJLOtt9kisfMDM0vmrCWjLA4YgmJix27jwQc894++LMdqbTUL7xKlnFHC8Ty6rps5ubqF4Fd1FyhB3K7MigEAkkOHU8vmsh8l+p9KeI/GnhHwnc22m+Cte0W3057ZJBFdalqT7WBZAEKTspXaicg8tuJySWJXxvc/ET4e6vcSanqXjK8U3J8yFJE+0ukRAwGcFfmzuJUqMZwBgAkqOZmqifUXiC6bX9SlgxLdzpGzCB52lhgjOdseB23A/IoA+8wXrXE63pd5bRlpYobOG4UzvJLGIZpgRvAJKfIvOSFzgEYJ+YDqtZ1/RNCvnF1cXGs6jJKWS0UCOOJz2KAbuhDZYBs4yrH7vjnxQ8a3eu/bLa8+0mO8wLiQT7DcHrgIu0CMHGAF+Y85OQBnFWJqO7PI/jL8QUur8adpU7h8FfNj2gZHfaCSoxxzycDIHU8N4ftNFklSF5286fBZ2Jdc556kH9K0dWglgu3SztC0bHAONzZ7j5ucc9e/oK1vD+iHVpXhe70rTvKPzPKVRhz69f1rYmJ1Ph/wAHXq3ER0iW22hgvngSqwJPeUqeACOAP8a9w8O6rPpWmLpuo+INOvGRT5EkFjLcAtgKo3ABWYYIJ5bA44yFzvB3wfubqwglHjG8uYhh/KsYBzx90HOfxI/Liud+NGoaZ4W0U+GNNBQOmPs8BDOQB8zSEEF2ZgB82RjsD10iuXVo55y5nY4f4o/FX+1JtMWS1tri8ZpkSW08tEjeSNhHAsSl1/eOVJI+cjcWHp4tc+JvF3wz1u8fxG8N5ql1bKJJLmUXj2kiDzEh8w7huLkM204ViCNrL8uN498TXttrVrqFvHtudJdUjm3NkygD5uMc8feJ+YBfTFYfhTSb/wCJfjTS/D0txK5uZdmUQFwmSzHnALHnlj1PWtYx6mbkdX8JvDesePbq00i2Df6OH3ZkIVwSNzEk8EA47duSeK+7fgv4JtP7H/4RazXVB/ZF1p+m+IIILlfMtLeVwzyNmSN4Y22AhkL4GcDu3PfDnwvofhCbRbXSLDRGhs/s6C4F39oZd53eXhMiVxuRiPnVi+OFLV9QaZ8PfFAu7XR/C+taeNdt7NhfmGK2ha6uGWUiQTHMsIHmKHQsCySYyMhBjXl9lHRhoXfMzDm8Mto0ieD/AAt8QYbSa+nmFtH9kkgke1lilzGssSMvM8CTRoD9xmZX2yup09P8R31n4K09LzRrzSZX0NtM15ftsMM1tBF5IDGZ3RUInvEVixT93IjkbCor0z/hDdF0rwPbW3ijSdMgtwn2SW+0uCG2ulzEqx3MU9xtTzxJbyMVjY4Qk5JA3UPB2m6vNF4j0Oz8Q2E17arLeWenn7Y9pKJnkKzGJoyHKR258tIiVIkdSMrGawUDq57bHAXmheKfEHgi4sdP124Fvq2pXl3ctpqNHfCeO1SOOOdo4nheUQOyNtyzSxx+XygjbzS7+EWnNJay+FPEF9qGqWhFzoNhfZjf7REqtDJMjPt8hElSWTI3b32SHCso+uU8HeG5NPWKS0Ojxapb7E3XnlxPPK948krL5ivLMxBZ/MfawYfNKUYrUsbOygtdMlsoNUS10e+tbZ9HgkmNrY3CxieQy4/g+Z5A3zhvMtxyGCGuQXPc+VvB3hq+8FxHUP8AhMru1S7E1ncwyW8DyXU0cMEVttLsYB5sczoqxsvzN8oVXBrs4NU8VPrWvS6xbW+kjT7W91WWSBwTLMJ3WKUI5dggNuWCxT7ZXc/eCMtd34nttD8EW3iDWNMjtfKuJ7zUbLUvDkkk95N9onmdlRkjMv2kZiRljl+VIjKWjMjq3Jp4K8RDw74fg1SXRYBa3MOqXS2+nLcvc20ixSLFPDF+8lJliaIyu4j37kCCJSBHLbctSscDD42uYNQvtB13ULDR7nS5Ps17dSsyrerD50ilZFRjGWyomLb5fs8T5VpVkL9p4g+Ls/iPU0tPCwt57jT7qCGbVPsjx26XXkxhVitlAEsiwPKcsSqvE5AjBAfhUt/D/ieX7dY6tcT6pa/arKLTNXuliuF01ITJ5TujqZyIU3EW4kRTMu0Sjy1Tk/FOl3Gm6XPFeJ4hsbDUbiGPT4pNVMwiWeXbced80hhmaJgsqMACkLoHc7mpWByPS1+MXhm+TR4vDdzdxaotzG0z3gRL1JALcBjJuT5HSVS+5FwhVdx3Zfxr9ovxjZnRIE1Gw1TW01nUoxd296skSSq+Ue3gjhkhIkT7PNbqAUaXMgVowAzcv8QfifpmhS6de6ta6jKbqFoP7Qs4i7RWscqXHmMJi5Z2RpFj8xhxk5KMQPI/j343t/iN4an0nwzq7XciILq5gZZvLYoS89xDvLcM7Nzn7oY4ALFdKcbtGNWfutGV8LLaw8U+Idd07xZY6rquoXWqrcSXUIWVwU3xJ5UgYnh3ZT+88kKi8uyx190eDdO0mTw0nh7W/BWg6PcrPFJaXXh5HtJWSNSS0kobY5dpF+UN8+5g3HC/mz8HviHqXhHxFb3um2ujxG3Rka51MTTwMjxLEYniZmUq20byqEqqMQAqEV9aeGPi14c8Y3sur+CtWB0jw/EskemXSmcu0sKGd0z5ThUmifEr/Md25oxuZ26JRs7nLGWlj6Nk+HHhy6VNW1zy1EcXzPeAT5y/Kqr5jJbG5CwyjcY2jNeDfGGLS9clvtAtFsbK2E/22KKaZY7eFioVwqEuASojyApx5ahWAJ3S/ET4nrbz2Om33jmfSkeKaF9Ou3mgePaXUNligfJ3nI3LwNwO75+F1Hxf4WcZ1HWtNvV8ryzNcSwTCRVZmXLSgkLhuY1XaT8wTPTOT6IuDb1PEtU1DQrTUbiEt4bviGGZRaT+WW2jcI/KWNNmc4wvrzRW3rXxB0a31KaPT7iKWPcSfscamFTk/KpaBSeMfwjrRUWOlNn1xdeFL6zhlj1LUY7e2RSAoX5+R8x6YzjjIAA7c15d4o1qy0h3s/B2ipdTfdM75l2t2yT1Pbg4z6Yr6Hv/AA7J4ktY3+zpZQ3LlYYoJPLEgb+JmOTjgksSWIJ2gDk+U/EtPD3gm3WxsDBJcRE75IYDt3dMgHj0x1PesY26ESve580eJfDGrzzPqfirU1t4s+YsSn943uxAznv04rpvhxp9xrWw+EtClu4bY4NxPnDSe/BzjsBjjqea2tJ8Cax471Aahqdt5Wms2Sbw7mnH8W0HAAz1PqMCve/h9pPhvQtO/sXw1p9nPIhxLMGxErf3SAxJPHSuqC5lqYuo4OyOb068+IOnRCyupHWMKI9scxVVXHJzkAH/ADxXIeIdGhjiuNR1vS7eaSZsFLifaHQfMC5U5IPJxkE4I6V7pquisGmuNRu4Fwo2pbsSQxxwOMDvzXmHxFe003w/iWVJGky+GX5m4wQO/IPp3pvTcyvc+EvipPHfeIbnUYzGFnlJjjii8tFXaAoUZ6AADjjBH4/Tf7HPwNl8S+HIbxtHMV/rOoRJHqUuYvsdsSAzRyAqWZgH/djcTsJxwceR6r4Fbxx4giGm21wbolUAO3bGoJAXbjp04HJxxyef0x+HHgDT/hn4S07wBHozapfaVZS21zvvY7SDz5JE83zWUE7gGk3LgkIfu5HFOoowuOFJ1JWR6F8FtHtfE0mpan4d8I/8SPTRFYabdS3Cu91FB88Zj2OcbV8rM8hYhiQqlsivUR4S1231KfWbjV5YLC5uC72KuGnjjk3RqVkfcieZlVIRQ4Qn94xWNRf8F6fL8O/h2ZdZvbW91GKG41C+u02xRxyLAuxQAu5f3QRRhTxwS2QWwbzxno8mv/apfEVncaabLdvjv9zXcsjNKobazFoWRSSiIfl2EDZlawdt3udivtHY1tda90fw1q0tiD9jjt472x0zRtwxaRGQuqKCVkBV1JVEVt5VSxXywvn2sxarpHhWbRYNM0/bDq/2nQbu5kaWOzdLhYUdFUNIxaXdiN3Z5N+w/wC1Db+KrrRdNe1ufEOvtYXFnbQJZtHFdeWhk/0dowzKIJsI7MhWU4Q7j8gzclLX2krfxPbajf6N9m1a2iaYrFF8kyLPuCh5Y38s7yFVSgT5iqghr3gtY73R/EcesQ6PFNaT2SarotysgjK2otyAvC5jQ+aAVDl0SNSuFwwKNy2uaVDrPiy80K10+URQOZnl2yxXpuEmjUiEuryfZvLeVVj2CGUfaV5Q7jsaHdeH9e0ya3S4m0e2gslikN7utpY3ldmkg8qZvMQMkL7lLlCFVjkqQMK4+Iul28uq2+j37yvb3d75ty7CaP7THZtGsRYL5nl+Yrqrbs7kZDwwpvbUUVbYg8UateaVpcereFNL0mVZ9RUQ2sFv5sVvJNA8byRvH5bogkRncBcOIfMAXkyZF7plrrervP4kOk38+o3NvBpN07ztBIsbmKMsrMkQDTHftTKmW3zGu5ombWfxDc3eki50rVtWcalEXOps0kpu38tgfLlQSCzhfYzh54wqt5QXgIK5HV9F1TUHtdGsbTwtPNqTx2F3aHVJrr7RDFJGLcINibRH52x2RdwzbuJI9h8vNu5drI5/QbDQL/w5BdjwvPb2GgXU+25XT3n8zcmFu0iUCVYkjMkiQqiJGiqQxYbW8p+JfiTWby+utX8KfEO91eK5j1APosmtMrIrwJK0s7lz5WCkO2IIi7Ubnk5958TzRCCOLQdTsYrnInmLJ5rW84UCa7ZJowzmRphAS+5XUowaLYzj5x+KukXuj2N/4B0m8vjLoc76NFO0d7dTakWuJFE589VtLcTtCsDbMys8cmcqxekx3Z8rfFWHUpdLTT7N4r1kuYL+yeS1IEwELbo5cu+7djA27lKQY3lULDz2TX7PVdMvdNuraztLzzd88i7YkQIFQQLbKAo3oi8Et/GOhNfW3jXwTJ4SSz1G41ZLq5vBunsxaW7RX09nIjeWsjRh0UP87iX/AFgPCyA+ZJ8o/HHQtS8M+I0vU8Ly2VrrGdR0xkZZbSazkwWIYg5jMokYbsbfmUjjjWi76HLXi46mFqF2zsdS0fUGlso5/wCz7O1kIaZHVmAiRtiqUZSN6R5XEiFgx3KPQvCut2Vq1nrOipp1lPbXkmq2+oacxtRbICfNUqsW6OVXS3kULsUCM5CBCT4pqS3fiC/tbaJo7dthEcUm3ZCGHOSo4z1JYDG4HheR6T4M03Wb2AiGO7bULa6R4PJum3ufMVI0wFIkCgjawLbkBCnAIHS9EcyepZ+N1n4u8Z6ms1xfTatLFHH5LvZxQfIdzKERP9TGVbfgbUBJHPBXz+Hw7rekxRDV9OubfzQQiNEyHk9eQFx9DX134Y8KazujkNhDLYrFEtkfLWcQrk7kYncCC3yl8qQVwWLBsp4u8DeBrtIbvXPD8ltfRAxBYFffIdpYDaQGI5O1cn0AHIrJ6m9OfKz5fgtUeISGONS+Sc3Crk9OmD6Y/Ciu51iDw9Z3fkafqC3FvtBjd5VhODnja75/HAz6dyVlyo7Uz9UvF2l+G9a0yS90qMi68rzELDJEbDd0GepyOnvXzz4n8KaXq+p29ollJJIjCVww++Tkl3xwFAGAPeu4+GNj46t/E8lt4jsgLCSTEV1ExCyLliBknjgAemOBW98UfDeoaO1zDpFsRPfrkStwAnGATzntn8h1rCVlqtiFed1bU+XPiP4pR7oeG9IvjCJBhnjTOyMZGc8BR6fXiug+F02neHALHSYFe2QbjcMX3yOeScnr9O1S+Kvh02naKLCKyM2rTSCa5uJF+/3APHAHYfTitLwN8P7zQYEZnMs5RWknlQEgk5OAeB/TtVxrmM6DOh1m5aaya7nhit4BuP7xW3SO3GABgn/9VeX+KrzS5Xe41ECcxoxEIONzcAZwTjoK9ZvvC9zJCJGZt7n90hY5xj73/wBauM1f4Y3rRyTtbTtEpyZWBO4D/P6UVKtlqTGjzbFP9mzwvpnivxymoaho9oLfTp4pU80DG8nEYIOeshTjGccAgkGvvvwD4I0Kw1bUdf05bSxXUAX2SqpnkhbDee8z5GJSsb4VimFYSCYghPCfgd4RtPht4EvdYub20tp9WeSFllZEklZoyiEMWXYqby27cMts6AMR61o97Ya/4EtrW18YaHZ65q0cnn2lu8VtJNGrY/d2/mYH3T84KkqAAB0KUua1zohT5Fp1Ol1qaDU9Um8dnUBE9vaLCkdwrWciQlcb5HJiV8Zlcgn5UkRkK7hXk2t+L9bsobu3+w3r211JcSW+3y7SDUhcxOFYtcMZ5NpVQWJRXJyhfBROXgm8caF4uv7bVryEW12y6a9sbcpG7u4hXjdGWjABCqwQY3MCdnO7awQ6rewX9nqAt7OEyanbwxuvl52IiymF45CwQgmNkKoqeYHLMoVNGm3cIvSxpeHtCiknnt5NLtNRexBitR+/haAXE6rcW8TwIFjZ2ijDcHdL55JRSVXH1Pxfq2j69e2Np9ivrmC4M0LQ2M0gvA+5WzLIZVRVWYBTl2/dbcsxGPYrTSba5tLqTVr24a0EcMVvJIrtGs8bM+fKJA2x+aUbLbiE+UnqOM1vwr4W0rzpbjULU6jeeWzTxSLE8r4aOblpHLnM8iMgUb9qqwKoGVydlYmCbZzOneI4Le61K3kuU8jUZo/Lnu5hILuIiNogGLMqqpSXbvK8HaUbc6nGvJJGi0zTtGtEeyk1MXdheS3htYkRW81JzGiSAxhboYdBGAVJ3Z2o9bxVbXD3Ml7oU8VzfIj5tZbUM/2ZWMckjLw+GVfMAiwQclEIHyXbmHR9ClP/AAjV+rJOzyNG0Ba5eBAQkKOH/dI0JLMrHzHDYyHxkSBvU17nULrUriZY7+PUPOhkt7mK4gMMMy3BVWgdUlVYCI5MhhKdzSKd0hUKLei634ktLK+m8JPFbQ3Pntp6SIyLbEsIEKoqt5c7Ksnl7t6suTJ3NeXzX+m3WqmPxNE9jazafj7daxySSum1EeZVRDFbqCDk4R5JRlRkSmOSbxd4buIW8Lx6ldyixC39zejUDcWkUirE9vcRtJclihiKIoWN5SEfc7BsNHUrmOh8WWeh6z4jtPAf9t6taXt/bXljJbGEf2acRufPaF4gsyPLKu1kQb8lnHlq0dcTYRwaLqt74UPkySxXAvry/tr0LqavKHiEySRP5kDLIplxECCJVyxwEXufEXjrTde0SDS9GttPuLh7Se00Y3VzLHIBI0bJL5e11OS0pkWU7pAjIAfMLjjtD8OaXqF7b23hS+eDX3fzWmuZ0T7XGWjEYURwAi3kT7RGQ2QuQPlDOxbRKlrc8X+Jd2ukT6VNDa3kuoW1zcqurao6Sm1jZMLHI0lurlPKK7mCoG3jCgMJG+dPjB4lj1bw1a6XpeolLywvMW0Rt/scVpYoiqGaMlyHZgh2+Y4Ubhxubd9ja/4ej0DTb/wP480RZ9R0yxkjlZL+WOWJ5XzDAZFz5jkbF81VBDS7Sc7q+VtR8I20U2rSXC6m3kXjalc6dc3pMwkEf+sJZSk6yblww3hg4K5WtKaszCs3Y+a9C1SKNJNK1Gy+0wTSozr5hVi65VMEHORvbGPU5Bxivrv4P+BtGk12aSS5Gn6nosNvYJHpoZY2nUIq3RLk72YNkmNV+YAkFjl/FrX4YadbjyNVtS0t+/lWsisxkLmQFmEYHHyjhm2bgyMAACD7x8HvBfiK1mivLPV0S5toVRXmBZPLMeMKuOVJUEg4BPTaQc9Dd3oc2x9NeBNQ0mKGODWNEs7u0uInUS2oUmNuGkf5EX5m6bUx8pYhSBmqnjz4G6R41il1DwtfiKdYthSaPcJVBO1lO0l+uQHDAY+UqXcthaBpF9HLdLc3caalpt5GGtbi52RyhiytskVmOAykhsH72Bxux6Va+KdEvvDV3deG54bO40uWSO7nnMaRHyT94mPO6MrhS6nIBXnrlrVWkib2d0fHviDwbqfhzV7nR5dB1C2Nu5QIgGzA43LtBwpIJAPPPPqSu/8AF/xcm03xBdwWmnTSkuWmLXCpiXOGwHdeOM8Dbz8vFFZ+zOlV3Y9v/Za+NGneP4LfwNrV0yRzyM8Usv3wTjbuPpySOw496+u/iL8LbrxN4ZgTTpI7i9sEJiIO3zMY29PoPx5r8kv2etdgtYorzSTJGzlSJFbJY9uQPUV+pvwG+I8lxoVpp+oTzXMpKoW9CccDP8q86binyy2/I64ub96O6/E8lm8O6PHfIPFr/ZrqxYAwFSxLHoD/AC/Or8vh7Trm3NxaRQpbrgiRhj6Zr3/4pfCSy8fWbXmmzJY6wq/JOV+WTjhX9unNfK/xB0/x34It10TxBaTW6ISUKjMbsDwwbv8A5+tYVufD/Ft3OqlKnidVv2MHVdXisdTeOAJOIm2jkkew5+leg+D4P+E0txHfRh0kHlrEq8duB7f/AFq8g022n1K+SBsM7kbyBjjI719IfDrTrfRY4NxRcLuYE8nC57fkPTjpiuCNWdSoo33PQhQjCnKo1okW7/S7jxHrMPgPTVWexsYPJMAVEEKFz824gguD825SpbkAfKzV8AfFj42fCMfFzxRJr9pdhLdrzTY/LlmaTFnKI0lSVJEKvgBkLiTDSMSOu79KPEK3vhGWyktNNvL2SSQXs9yIpd5cBnCtJvJWJcHEYQkgkAZD1+Vfxh/ZF8R+LfipqGvaR4ltP7L1K6NzOAn78xOwYsMDZvOORwB8pPU17SVmrnmRfMnbyPrj4E+MNc+NPwq8L6jNq95MNAuLmxvJ74jffwH/AFLSBDuy8bIRjO0yg84zXrXg8XFksd1r2oLezWhe6lijOFSFAN4khGQhTO4ISdp2hTwlZHwi8O6d4I+G9p4H0WZ8eHtIENlvnaMyyZjiyMbhEWklVgucDfkMPv15x8XNa8TXFx/wq3w0kFjJJH/xNLtFBEJaFgw4Zgy4dgny4B5wA7NWj/uk1bRl73Y2PjZ+2r8PPhpLeab4O0+HXfEawR/Yre2UmOJldZMLuVsc8YOAGjBXlPk8cg/by8byWtjL4/8AhSmnb5Xd5IoMQxRkgh0Rl+YgkgEHdwCNxOK6HwV8MPCPgy5bULSxD6ruBudRlcmdzznMmAu05J+XpgAEcYu/ELT7HxDpVxp148MsDAhYI8eXnblSp6g43YKjOMdsirjC+hyObWp6DoXxM8DfFPTBrOhS21092UuNQ0+8kkiVWj/dyuZGjVQ5ikeP5iUJIJ2htwxrWSwvftfhexCRW9sDPqbALI8VyzNukwmIFk81CzNtyzx9toA+QfCXxD8TfA34gw6ILyeLQtQuXdoheGKEW5dmlYFgxUiNnTavPIOGIxX0R4k8eyW9vYyajOkcU8dqkZht1nMRWJ1SQPzIqN5mw78Z2bgMElpknF2HGaauS+Nda0yWNLzRpka51JIoFnmmJy5bHyop8rZsLsp2p95XZR90eIa34nkhuft7Wpub5Lx4pWhJmtpnlQHKPhkTC5+4c/vMsN3A1/EPieZXuWtTdrLKxma2O5wC+0LkTFl2eYkoMaqVU5JACiodL8SWfhHwxFJq3h6e81KaDdYWSq0bMyLu2pz8sSqgPbCq2Bk1SXQhe/qjvPCs+pSeIYL6CMaZNcQRrPMYQcJIMDbJDF1VhkjaFLbgBuYkdTpV43hbXLm5WznsrxoLeOOV7kraOFKjy4UREba8UZA/eRh1Mg35Ykedal8W/jV4A0Ow8Qa14Q0KTS55Io2hs7YlrcmMkfvBIzMd3ybihRzj5vmVm1oNZvr3xE+mpqkei2pMT28dxAgeN5kOCs7rmQsrPs27hmN1L7mAqpRa93qLa0r3Rv2Osrr/AIu8ReGZpo9XtdVsri5ttVv3WGSO4giyXLruZ41m+Qq+0AqFKyKJGPhfiISyXupN4y0VL17awTy79JFAILs4YIgjJVlLRYZgdmPmw2K9q1W30RvHGmePLO0uhGull41eANcJcWyqDA8ZIaVGV41ic9MOrKNpSs/xno15450qXxRPFNJqE83mzKtwMBJ2Yx5t1CoMfKSFLNtK8gEgTFahN6Hg1tpqWhkvZtRtnuYIVuI1ac7ysilWBVuCmJPMPJJZiTk/e9H0XxFpGlz6Rd2E6yyGUWNzJ5hQgFkKqBHngHBAx02nOMsOH8eaGHuIDPA0kaxlZkdo/MjhRQittIPoDhckluT0NYnw18OavNqVxpdneyhAZCjKh3HCFVIBGNwwBzxjb1q/aWdjLk5lc+q9BvjNq+rWnivSlm+z36ssShN0a4ZY5yQAQqvCMHnO84HyZE58FaT4esZvGHgDxld2xEi3N7HPBHK0ojtleWAwvJgERs0uRuKnzQQRyPPLiS81LXtNGuW6+TevKUuFjVBZyxRxSAj729PvkgISqtcn7oYj1TxvZahY+F21ZG0+7VJbq2kKIyloJI0wZQp+ZzhhmRSJI5VyHztrrjNSOeUWj5c8WfBnSde1661fSJEtre6keQR29nK8Wdx+dPIZYwHGJMDdjf8Ae7AryvxJH4w1W+iuPD8M0ttDbxWjSrdRqZnhHlGUrI6spcIHwcnDAk5JAK5XOd9F/X3HSo07as4/4HeL7jSrCSJLrabeTcATwAeckV91/s9/tF3VncLp1xOFYFXjYDC7uOvpX5aaNqt7plyrWspUOQGA7ivqj4Q629lBHdrJllw2OPlPvWGIo3fqbUanLtuftN4C+LMOv2KSausULkLgo3tnn8q6PW9I8I/EbSrjRdTihvYB6EbkP95T2Nfmf4W+LuuaRZpdtqrxtKFiVDnAXtkH8K92+Dnx7mt7u9vLi+MixBYsc4f/AB/Cuf2k4rknrE6FThN81PRnp2ofs4S+E9Tn1bRX+3WTHeE2/vI++PcfT2rU8NvBp8olvY4isZAMchAOAMn8sjt0B4rrvD/xh0/U4l811RZlBRsgHn68Z/CqHxOsNN1PR01bRrto3ud8TlXSMbmXA3HHJ7fiPx544WmqqqU/uO2WMqqg6FVb9UeE618VbRPGGs32u6RFc6layXErB1M04gjEnkLs24wMJlVILAbjjqfDfiN8X08JWF0miaWmm2drO0Zt9N3NFakkPmafYBbspZlOXViwVjnjdtfHXw/rN78Q9Shlv4tO0uyla7vruaBLh47SzRCzhZI2UHYsgCEcjYuCzGuK0TwroWvXU2i2tlc/Y7K6Dky7Gubu+XaH8ku6tIIyYlCRPhXUFCR5pb0YR6Hmzne1j3D4IeM9N8TaCmi6xqMl9fS6taXGpRyQO0kcMYlfe7F2IbdtA25AwS+VJUcD4x8as2ranr1vMslzqFy0pHnE4BG1dxydwVFVRz7/AE9NfwPZfBL9nbxD470iKPTvOsIbe1szbbI4PtEnlloskhV8qSRj2JII2tkn4i8T/GDTrWMQrKJiw+do27dcZBxy3+eK1ik3oZzk0tT0+D4haixE6TIwiHlsG+Ykk5z/APWHv68ZV342u9RdFjV/tEeMtuJIHHQdO3Gema8EsviZKZjfxKoibORIclTz1b17jvXV+FfGkUtxBNLK0YJyuG3E7j0Bxk/hzya1SMG2zt/F/h3T/FWiPaSqkE8UaOGYht0isT8xbIKkbhjjOcciqM980emafe3OpHdBNdQsrlpIzFEo3ODjdhUK7TnBIPGSQrfE/jONLaSXT5clz5aqsYcYyRuYsSRjK9vbis3x/DeaNoOg6jZWRgkvF86+nDsywSvtCKiKx45HX5QSVbINRPcFseneCNL0641WDV2hVrYRNMBJGUkk3KUG3a/zkJyWZdx3fKWGSPJv2i2vksNRbw7ADmKRftKmQi2RLi2kVSfuRFijYbALMApOAop2qfEi48N3kMDXcUMFlp0UBhUAGRgCGlGDg4QJn5R8pGAN2a0dK8beE/iDawjVr37JfXO2E3MCs6gEjHCMSQfnUhSTux3IU5uUou6Omm48jjJnzh8N9X8Y+JfFqaLp+q6k15q80cd0rSSCMNlw0kqqeQEkkHIJwWCgltp/QzxZ4bm8STL4gsr3+zb62htTd2UrRq8coSNVQO21kcBGBwWU5cZUFmHBfD3wR4W0i5TXIdQtLeJ51tJpYrabdbXDy+SRIyqSPnK4CkseMYGSPW3uNF0/Ul0ZdP8A9C1eziW1mmeaKOefyopUWPy5JShVSJEcRog3hcq2BJSTjq+pM5qXuo5tbnxB4t8Jado/iC4muNkMlmVjuFMkhijE8qu7FlbJz8+FLKWyGyGFgQxfY9WivJs+ZKstjFnzoTbBR1kMh+ZDhCwGSXAyCMjI8P6NrGn+JPEiS3NxeabHb3EEdzMH82APkoIGOWljK27Ln0SXbkPmuguhAsZt7nFrJBMlndzui52B9qSSKcGIglQOoPzKRjkGxje7PFvEfg610fVBrElzFdkXS2wlCpG82QisTg53BJGxkY3KeeBja+GFhZReJy8UksaLGH3Op2AyqCQScZHIIzXQaxb3cGrSRLayCCELcysq7PN3SMWR4lGQ2STnpnHbcRD4wnfRfDN3qum26xvcRxrGJZcKrl8lc9QfvD/PGdve0LvoeneJ/h9aaraQGzWGa3N1DeROVDhXBI5Ug5Ug7SO429Oa0Lm7uk8I3NjpMK3d5p1stykUnzJPDtZGibdkbcsnBUgYzkE5Enw38Q2viH4c2Wr6UloJIMieKKbe6YbJyc4PXPucVXtL2Hw948WRgY7G8QBcgbZA4AKH1HJ49axdd0Zr7jqWHVSDt6nk+j/BfVdZglvYrazdDLtRp7VGO0Ku0DcwYALhcNkjGMsAGJXq+qzzadqE9tOzMu7zISibso43ZJx1JYnHbOO1FDrU76oI4adtGfkF4S8OX2t65BZRQNw25yQQABX0d4csodFVLOTKFVxnGa2JvBb+C9Ua1bT1R3bCSAYBz712Wh6BYND9o1G33O/8RGe/SnLEqrZoxdF0nZlSwiN7bp5szCBfukqAe/NddoWozeFoQtms7rMweQAdgfcZ70zTtGXKMbXEIPBJOOvH6Gu60Hwje38Pmx8FPlA2ZxWUnccL30O18J/ELU5p7C127LScqolbrE39QK+gV8Q366ImmebHOJHVoZkORGRjBx1bHP16V86W3w71/TreK9uWY26SBnGD+I7Z6139nqmiaXe6fqdleSIpwkkUg4OB2BHNcspck00elSXPBqRxvxwiaCy8T6jePbyXVxpxvppTKVJG3gDBx/BhsMN2FxtxkW/2Q/Bg13x1pOt3cVvJBb6d5RvCEl83ywssjYQgBHZwQ+MFhuwHVq0fiTbwiF5blvssQjlxMW2+apXOHbk45z1J+XHc1i6cl7ow/tPw94VkTS9Cljd2dFEsrLE291LFTs+VFBBHOO4GfVhK6ueVPR2Zd/4KkfHj+wtG0/4UacYlIh/tG9CyHgtuWFCMDBC5bH+2v1r8j9c8S3V9qJukuBIvYgHBHpg4/wAivpf9r3RPHPjn4z+OPEutamQkmoKbKwin3pa23kRmNDgkcIVBOeoNfKOp6be6VdNb3kTRv1GRgMPUVtTs3fqKrFxS7Fy31qdLkTFwDn8APSujs/HE0c+UPlBNoj5yAB06dTXEQxyzPtijZz7DNCswbDMRjjFa2Rg9T334XX2qeK/EEMl9cf6NCPNYiMsSqrnafUkAjp+lfWGteC7bxx4O33bxTywSq8Ugnjw64C7VRGJGQDtLZPUcDp8ufsv2S65qz2UMzloY2lkZCN0aqRzyRj6ZAOfev0L0HwXo+gWlpcX8trZ3c0DqiMuwsqbpN6AgFtwUJ8qkELt+YYIhrWzH0ufEXir4U6r4H1dbrUbb+0JbkgKLkM6uD5hjBAJbeGWT5cKPvA8fMs+n6l4L+wJciT+x7y4jRS2mxq7RMGdfNyzMyrujAdGZchfVSD9SfFe08P8AjvQG02EGW8RhJBcqxWCzC7XAa5RldC6sFxy26M/LwXr481C1uvBHi690XxPFdXZOy0trSN3mSZ1CkKFD/JuRmGeh+Y4J3Cpa5QWp7Ha+J47zymtfEmj6jatby+abghY44NsCxq0arsL7k3KsoRAylm+bLH0Lw7rNroiyRXtzJNKpFmsTWywyJt5WSNo4yjLuQqrsAcAkKOQ3kXgDwtYW3iWXVG8RmPSbuJ5btlQBIJZ0jKnaER9irMxVmBAG0jJJWvXvCz6FZ6xrWsX0jstxFvjd0KwWgUho9kg42lmQ54IG4MehM3ux3stDW07WxBaW+sabcpEs9yXuYpIi+wp5ibmIRiu5ZEKksGUkHoNpsNMouIbG/vke0aLzN1vEEf8AegAsSBzh9uSMElvxrkvsS2P2fw9bzGOAG0kvbqPKNcSxqod3Bx5h3BgQAD907jya6UXcd/pSb1C7rZIZpMlyxTAC4z93KYJ5Y7MnHQS3dDSGayV1aUQahdMjLFIkk6gskxZ3V36ADCliPvZDJypxXh/7Q2r6nrsV74f8PTu0tsbaabEpUcEjGOzED8iOeTXuMGsaTDqrfbhOllbTM/nOSrxoqx5Z+xBAZh2HmEYOBXyfcXWkePfHup3e64SeVr02Z83aJCpyEVTwdo29SM84xUx1dyntY9k/ZX+Ker6lcXvgye2hsbg6ZLtUKAJGBIAc87WG0k/7o5r26E3Hirw8uoaght7/AEmTE0b4zIF/jQr1FfJvga6vvAuv2/ivTJNPa5aKa3uYXwpgniJcs3UDJIXr3avfPhl8TLLxNeWVldWkdrcXJaSeVJQ0SxHgKOeTyCTkDkZx0rLEU+dHVhavI7M6LUJppI7JGtTNJBapDI5m8s5UsAMKecLtGTycZ6YorTuNRj8PX15YTXMcamdpYhg/6tgMHPfPX8aK8hxV9X+R6i8jiNa8Paf4gtDb3CDzB9xwuSDjg1wNrbz6HdNYXik7GO1iMZH516zHbN5qlGyOeh457/y/Oub8aQaaLyASzAT9WAbnNOg2nYyxcFJc3UuaPFb3dop83Jcgr2/z2r0zwXZT2TwwIoYSvg4H+c15Vp0toWjFvOvIwCDz/nkV6Joc95btDNHKTJgBS2cY/wAn9K6KkrI5aCTZ9G2GkaZq2nDS7xkC7AuOM5Fec6r8N9+uR27QstjC+cqMbgOwPTFbPgPXPMcQTO0kxI3HcT/nt+Zr2S2sINSs4oHtwm772BkgccZ7elcUpNO56aSaseC/Erwl/aHh/wDtDTE2tpwDBSwbAGPmAPcc8ntn1ryvTr+5tba8uP7NZDd2/ktM4kw74wwCDg5+Zs9zxxX15deGrHTL8xHEsOwqY26EHr9O9fM3xL8IS+BvFc9q6NFBctmFxnhWbIOOmB0Psa7sFX504PocGNoWaqLqfJfjvwh8RPG0d1r+hQ39z/wjDm3v0WBQt9ZMzshiAzvaJt5Oz7yyDsvPgvxbvPCN/wCE7NbSxLamY1l8zZsaJsncuO/HBH0Pav0b+GdzY6R8T1tokMEOuaUYncqCJp0OQN/AXk42ncCWQLjBz47+0h8D9G1LU7nWrGOBPMmxJIiqDuyMjPU8jHHrxkdPRTcEpHJG004s/OKzYMhtEgPmyOv71WOQPTFdbB4X0zRpoW1pgZHHmCLqSuMnivUb/wCDttYylI7cYZwyvuwclv7w4PPHetDw38HdOur63vdXhlulGPLWWYkHHOcgAkYPrzinLEKQ40HA7/8AZOtNK07WdX8fmygs9NuI1soZnIQCONSzMVLZfJwDjtj3r2zxD+0b4c1y5uPCfhKe1kurEPIzxyeXGPl3YTB+Y4y33gSM54zjyvxXFpGj+CZNOupQts8JQQRjakJwSCFPfA47ZHJHWvmL4bW2qweMhqOms/M+5ZMA5KHO7np0yRyeuM8UlLmjcymtbH2Lf2mr3sy2Muu2cLNLKttawsnlXQVAzQSYJwf3RHP94HIOK8+14StOlrHqNlJtmlijkSPh4BtKsQSWRyco2CevcBWHY3njKXUdIZZrOIFrULdGG3wDJ8mxmAxk7VbptUqW5IwtcM3iqHxFrf2aK3jj+zqXikwCsu1NzhVHJ6Kw46k5IySZdS+xCj3Ok8E2Vxplrrt5b3Fk0CtHcJbAAPE7OJFVcAt/sMWB4+bdxXbWuryvHC9/FDBe3LSXETXU2Ut2WYfKmdzYIQDJLAhkIx8mfHL/AFKSw1e71BJpTFcKtjLapKHDKg2xnkhiGAGcBWwCRlcg9j4e1rVr5rG71G0vWLQrA1zHmR432lpNwwA45xnp8zZxnIakxNHYWey3tIFtrowLu8tZWlMayIXkJLIwwnzc8AcA9CSR0F7qhS0j0uOA3UjoJJmZjzvZckgjIOVbjaOAARxXKahqYTUbO3MNskdjGksMi253SNl0ZjtB3bvKOMbfut15qkurQ6PHea5rNw0GlRILuR9uVUMVYlcnIZhCRnJ4Gc5JwnLohpdWc/8AtC+NLzQbKDwhZeWJdWlEdzcGQkogwXyAOcgliRnJU8dRXjNj4d1uzie1sdXeJba8d03xs8Y3ZR5Q2clfmXAIHCjjrWH4z8ep428Qan43giZpYGAhhlZXES7yMoDkNhTg9+QeDzU+ry6jda2msaZq91auXQwlgPLjTacFgoJXnnkng5I5FbRVlZkN3Z1m/Trf7K6Ti4aSXzpJYGRmniTht6HO0E4OcHjnBxg7nw/18agivYmSOCxk8u2t7fJCk7jvIP3gSCCOMZP4eb2TaiNOuNQW2xbWZb7VAkeFUs4BIBHCkkcnspxXReF5P7J0m4m0rXRLvXypIigAUllLPnpx/InHehq61HF2dz7Y8JeLj8QNAtPEU8UIndPImiuJCJIXTgodvHv+NFfMuieINHntXuI/EVxpbSys0sMMTBWk4DPxkckevaiuV003ex3xqtLc+lmlg022kvrg7UiXOTxjGfU/X8q+SPiV8T7y58bNe2dyfJtn2FcnB55/LAr2T41+OTpehjQ7Jz9qusgAeuOfyFfKmveHby2t2uLlyJXy7CuGgktWdlROei2PqXwBrWk6zZwav9pVnYcgZO0+lexaRrNuUWR2PCZ561+evww+KWoeE9fj0e4I+ySuF+bsa+xfBviq3u4onlZcMNw9CCP89K2rU3FHFTfJKx7v4O8S2+mXjtucbsFWOOB16/nX0F4J8WwjTmuHuBtZQVJ6mvkOLXBNHH9nEajjkDH1/r+der+FvEslxDYaUigCQqC+SMivPqQ0PRpVE3Zn0dZ20usQw37nKyyZRQOoB/yayPjt8PIPHHhr/QkA1PT0DQf7QzyDVrS9egtbu2sluF8qCPBx3YjitLXtYY2zBYyN6jAxk1OHfs02gxEXNpPY/PfxLLqWhaz/AGbqlvcWd5YXC3dsMiPzJU+YLnoFOxT7n1GQdSf4h6T8R9Jit7qeKDV4IAL62KECOUEbmXIB+/xnAzz7Z+gviV4H0bxjpcz6vp6ytESySOMEnjp3/WvkXxX8OtU0Ge6n01fkAEYk7lVJ4J78MRgj8K9WlWlKOqPMq01TlozH1fTYcO7RI7kmTbgBWwGx/T8QPQVjXMtlo9j9s1K7gtbeFt7vKwAHGRjB9PTntzmotR1GdbCO3uridWXPmOzcFs8+vOOfTNeM+MbbUNY1E28+qieFGwI2kyAcgn5SO2ByfUHtVbvUhTdg8c/EmXxbqf8AZ3h622W1vMwSZiG+0xFRtBIHGME8EDqDnIFafgLwYmnxwz/uXXzVa2dsnCBiWbBzzyB7E9BjnndE0Sx0yWOaS7MZ8tQ7IxO07CpVT1HJzj0HbNdBa+KobQvDAoEahhuOSrb9p8vDZ+VSpA4PP1qpS6RIsdVq9/cCG6fTY8yvGLJQrAOcdX9wGz07ba5LT9zajI85mEkMLPAEkz5g6MueduepPTLZ4qG+1uMMk1pvaYOJGZlO3aSDtXB5APJHI6d8g6uk3ttKZtSv1MEBiWNcurE7l75x36cADBHIpJtDasX/AA/rGm6vczRa9Z3Vus8Z+zzMyD94qFVVfk+UbnUnPBx0rvrLUDDZ21rZoUlXcyG2d43VsgZQAjbu4YgjnGMk5x5c8umQ3cUelXMUk0MYzNP8qd03EA/Nnn0HBPvUmvfFzRPDGi7dK1GG9vrlUKQRHzmRtwGSyAjcMn5SRkqOMVau9EQ0lqdv4p1iCxeT+0LldqsWePjJXbtCK5Y5YYA/ukkDqTnxP4kfF/V/G1zJCs0sejQybIdPSI4cIWVT1BIy3PHr1NcPD4j1jxLc3siQGa5mnWSSQyFCg+YBBzgAk5x1LYqHy7i2jmS7mMkOSJI1BZYW34AZx1I3DrlgTyK6I0+Xfczcros38WlXLwtbaLPa2yy4WNsiNuVyDgEjnofTuc12t9cWNjd6fJftbRtKghcR7tjEfKgIbAC4BwSOw/Hn9PW7EAivXMNhJdx3N48BDE24DgMQzj5vkPGMnt6Vp6cFFu1rawQP9pmDu3n8RLjcJnTJ2hfkyqA8bhnBwLJOwi0fVrRbXU9Qu2up7uG4t/KjlUK6NHyCB8oyFxg9mBHJpbO1fQruF9JuFluLxJJIbNA6xxKPvA5JMoY/LyOOay7DXjOpaOW1NtKI0nlmj4ZowRhCQFTO3GQMAdzmr+oyl0hvINLgeRN0sEasMqHUMGWQYGCVJyCMl/fFF+w7F/SNV8UaLZLbPZrIJCZlZbJZFKt0wwb2ornL/UDaGCOW3W6BgR1MQmYxg8lHIIywOfwIoqOU1UmeieK4PEGv+IZdUu1fy4CVjRzyBnr+Ncvrml6jdQzTXNsxRFIPbHevbtHifxetjq0NksSMpWfPG735qh401HQtKSXTHCjepUlhz9K+fniXCpy22PqMNhFVpc17Jnxh4ntVS4aZMo6MSD7g17l8DfHs8+kRrfGQSQnYrk8NzXl3jHTjqWstZ6aVdpJdihT1yeDj6V9N6L8HYvD3wqsnsbYfb9nmSEdenT8816Uq0XSSfU8mth2qrt0Oz8P+KJZ7iNSybQBkegr1Pwv4luf7asd8wOw52qewx19K+XfDGrahDJJDJG8bIxViRyGr1rwD4ijtpfNLEueDk9q5ZQ6GUZOLPsbwn4gN5eJO7sgZhnnhhgcmvQZbyS6uRFD+8GOGB/z6V846HrkwurLybkRh/mYE8Z/z6+teh+M/iNN4U8NM2lDbqEsbBJeHKNjrj2z/AJzmsnHkXvHWpOo9C38UPi/4A8AWU1jrfiOxglGFlUnDKe3Tv14/CvlXx1+0n8Jpknit9aS4UrvdhayHYp6scLuA49OleP8AxDlfVtZvLzWZ5r+R42uZfLgDK2DyWQAk4HPUEEZzXz/qurWGqXq2Xh4WV5ced5cllJAMS5x91VG8nk/dLE856V61C8o+6tDya8Unq9T2jxb8Z/Aj2M8mh3n25hudpIV3AcjJPGQDnpj868B1j4kwT3E01ppsnlAfJIZQwxnp09c/zq1qemyTXg0cvp82o2hLGztTIzAdCqKpO3GORkdQ2MDJ55/Dl21tGbjS71ITIXDyhozGGOAgByzfNgE4x15HNdCprdnPzWWg4eOrRYnlEFwsjD/U7hgZyc7jyaqWnj66iuI2NpujTLFVfbk49hTD4ekllYosnyOTc+UsbAIMDK7Tkc5BAz0HXpUK6ZaXFw9rFdWsKwqd7THyi4HB278KSDkcHJxkCqVOHYfPJGrdfEnVpmaSy06OJo12bmJdhyMHtx/jwaz7jxP4m1pJLS61RipUF1Uqiqi5BBHHr0PUn3NbOk+GLieymls7P+1o4W2MbMiZyoAwdgXKjlctnOARk5yKNhpl7eaVeSNBZvJb5MhnWTzGbj5ESNfmOSBg9CwyQBmhQitkJzbI/t2svbQzR+a0QPlvIjnYQMtjngfdJ6cZJ43c29D0zUvOm1O2hgcWqEjfGrJCQDgk9OAegGfatHTNJ0/VJNPsPILzeaVa1iih3Rtjj/WsW28Zy2TyOF4J1baDw9pjT2Wna1Hc3lzLGwZYppUQtnCNGg+6CS2wKQcDggDBYVytpXh12jmubKK5RhaPcQyK3lRMyIwJXIBzv2hcjq4wBUcXnrFJJHb2WnW+9Ip0G4njHmPtHPCnb15ycHg43Dqfhy0uX0y61OK5uYIDtltFaRTPtXf8hC7FLZyHUlSoPUYqDxFpywQS6zi90uyaBbgQfa8rMS3yFQhG/cCAcjK7TnBIFP1Bmfp8Gq3t7FpWu6vLBbytkTgbDCWQlI2C/PyWGMk4BJxya6Ca1/slLvT9ajW5kvXjiM964MsTRcjKkKwG1iCRjI4wcVzj3lo2jBJLWeaG0neINeJOotnyAzqAflJyvJ59Bkc9FGz3eoXFvqmh6XYpEVhkv7KRcOD82JS5cOMsoYgjkgHORkY0ZZs7ycWcdxc3ax3MTzCzhjQNBuBwyru44yRn5iCfrWzaI1tc3FlazTSyBQskjwhsrsBZgRkAZY4A7Ac+mf8A20t/bQojMDc3M8aBwo84qxLPlUBOB/ESMkgAgAlacetPBdwWM0zxiziVpo45lwxUZVhnYNxJGSBnKnr1qSl5mvZafp7xsb2+DT7z5jm5VNxwOi9gOmCB0orIa/8ACV3i71NEhuJx5jqJSOvTgMMccdB0oqW9StD6Q8Cajd2ejpDDKcKmQWOSMe9cN8VtTupSZHZSzoxJx6HFFFfLrWs2fbw0o2R5x8HtMtda+Idj/aIaQHD4zxk//qr7wjVGgNsUXy1XG0DsB0oorvxPxI8WG7PC/HWnWuna9MLRNisckdaf4SkeO6jIOSw3En1yaKKuPwo4JfEz3jwZdTTzssrkiNgF9uP/AK9VPHfiLUm1e/0d3SS3jtXRN67ioCgjGeONx6iiipmrtXNqbtCR8xfEjWrzTbqOwtWIjlt451JkkzFvYIVQ7uFw7e+cHOea8Z8T6Nplp4SbxLY2q2uoRSeSssDFMBSCGABwDl85H91cYwclFerhtEebiNzlLDxJfrb2jWyQ2s8FijC4gUpK7i7f52OeWxKwz1ACgYxXQ+H/ABhq72cUc6204uWlJMsQYqFjdgMn7wJRM7s5C4OeclFdUtjljub0hXTL2GwhjVkvoBJcM3DuSWJG5cFRkdBj9Bg0fT7ObxRrOiCAJaWEmYEBLbF2mMr82RgqgB78nnmiipGJr8WnprWkWtvo9jbxanaia4WGLbuKzSxgdemEB9c85puu2o8OaJFf6fc3YaW4KLGbmRVjUheBtIY8SkfMWyAM55yUUR13BmZ4duf+Ewns77X7a2nkeJlfy4VhLkzFSzPGFdmOM5LE/hxXQajYafqU/i25Gn21pcaJ5dzbTWsQRjI8pLMw5Uk7j0A446AAFFMZEmoi903Rb2bT7IF4o5BGIflRvlUlecgMAMrnbkcAZOeXm1e6c6bfBIo5JLJ7kCJPLWNwc/Kq4G3IBKnKnA4xxRRSH0L2tTSTfaNUvT9quL6z+0yGTgK5OOAuBgAj5TkcDIPOa2txxxaPp0ypl44IrnOSMvlvTGB8o4XH50UUuodC3Y2ZsfDUtxaXc8TC0aLjafldFLDkcZzjjtj61Np2mpd6TeyTXV0Ske0fvieDEXxk8kAjgH1NFFSzWKuZohXV7Kyv7l3SWS3UN5TFVOCQOOg4A6UUUU0Sf//Z', '0', 'd3614b06f1704b3799061a78e26ae6ec');
INSERT INTO `user` VALUES ('14', '506318518@qq.com', '25F9E794323B453885F5181F1B624D0B', '胡yi', '1', '1', 'data:image/jpeg;base64,/9j/4AAQSkZJRgABAQAAAQABAAD/2wBDAAMCAgICAgMCAgIDAwMDBAYEBAQEBAgGBgUGCQgKCgkICQkKDA8MCgsOCwkJDRENDg8QEBEQCgwSExIQEw8QEBD/2wBDAQMDAwQDBAgEBAgQCwkLEBAQEBAQEBAQEBAQEBAQEBAQEBAQEBAQEBAQEBAQEBAQEBAQEBAQEBAQEBAQEBAQEBD/wAARCADGAMYDASIAAhEBAxEB/8QAHwAAAQUBAQEBAQEAAAAAAAAAAAECAwQFBgcICQoL/8QAtRAAAgEDAwIEAwUFBAQAAAF9AQIDAAQRBRIhMUEGE1FhByJxFDKBkaEII0KxwRVS0fAkM2JyggkKFhcYGRolJicoKSo0NTY3ODk6Q0RFRkdISUpTVFVWV1hZWmNkZWZnaGlqc3R1dnd4eXqDhIWGh4iJipKTlJWWl5iZmqKjpKWmp6ipqrKztLW2t7i5usLDxMXGx8jJytLT1NXW19jZ2uHi4+Tl5ufo6erx8vP09fb3+Pn6/8QAHwEAAwEBAQEBAQEBAQAAAAAAAAECAwQFBgcICQoL/8QAtREAAgECBAQDBAcFBAQAAQJ3AAECAxEEBSExBhJBUQdhcRMiMoEIFEKRobHBCSMzUvAVYnLRChYkNOEl8RcYGRomJygpKjU2Nzg5OkNERUZHSElKU1RVVldYWVpjZGVmZ2hpanN0dXZ3eHl6goOEhYaHiImKkpOUlZaXmJmaoqOkpaanqKmqsrO0tba3uLm6wsPExcbHyMnK0tPU1dbX2Nna4uPk5ebn6Onq8vP09fb3+Pn6/9oADAMBAAIRAxEAPwD8qqK+wv8Ah118fz/zN/w+/wDBhe//ACJSj/glx+0Af+Zv+H3/AIML3/5EoA+PKK+xB/wS2/aBP/M4fD3/AMGF7/8AIlL/AMOtP2gf+hw+Hv8A4ML3/wCRKAPjqivsb/h1n+0F/wBDh8Pf/Bhe/wDyJS/8Osv2gv8AocPh7/4ML3/5EoA+OKK+xx/wSx/aCP8AzOPw9/8ABhe//IlL/wAOsP2g/wDocfh5/wCDC+/+RKAPjeivsj/h1h+0Gf8Amcfh5/4ML7/5EpV/4JW/tCMwUeMPh5ljj/kIX3X/AMBKAPjaiuv8QfDLV/Dur6jpE+r6TdHTbuazNxbTSNDO0cjIWjLICVJUkEgHHYVkyeFb2Ndxu7QjGeHb/CgDGoqw1jMjFSycd8nFKthKSMvGoJAyScDnqeKB2ZWor7Hh/wCCWX7QE8Uc8PjT4dvHKiyIw1G+wykZBH+iemD+NOP/AASt/aEH/M4/Dz/wYX3/AMiUCPjaivsn/h1d+0H/ANDj8PP/AAYX3/yJR/w6v/aD/wChx+Hn/gwvv/kSgD42or7I/wCHV/7Qn/Q4fDz/AMGF7/8AIlH/AA6v/aDH/M4fDz/wYXv/AMiUAfG9FfY5/wCCWP7QQ/5nH4ef+DC+/wDkSj/h1l+0F/0OHw9/8GF7/wDIlAHxxRX2N/w6y/aC/wChw+Hv/gwvf/kSk/4daftA/wDQ4fD3/wAGF7/8iUAfHVFfYv8Aw61/aB/6HD4ff+DC9/8AkSigD9Q1HtUgWnBKeFoAaFxTwvtSgcU4AUAJt4pwWnAZFOA9KAGAUoGTgDJPQDqfoO9P2msXxr4r07wH4S1fxlrFpf3dlo1q13PBYWxuLiVRgbUjHLHkemACScA0AbAXGTjIHXHNedftFfEk/CH4IeL/AIgQv5d3p9g1vp7EcG+mxFAB6kM4bj+6fSvjL4nf8FD/AIh+Immt/hxptl4S08ZVJ5VS81FhjrvYeVEcHoqMeOG4Ofmbx98VfHPxIU2/jnxbr+tQuwfF5qEsqhhnBCE7OOowoxxQBwBvf7QYR2801xgYVMFmHuQO59fb3pl5Y39tiO6s7m1YjOJoWjJ+gYDI+lWdGtBpmpwXY/0gRMrY4Vtw64yO+B+XvXtfx5+Neh/FHwtomlaVo+r211p0eyc3qxlSQuBsKMeOvUCkGl9D53fcmQ3NRzTGSFkRBnBGPXtSvBchm3RSn0+Q0+zs55bhUaFwCG5ZCMfKT1xx6fjSLS0P3T+DGsf8JD8HfAeumTf9v8M6ZMW/vMbaMN/IfnXYkelfC37EH7Zvw00X4X6N8JPi34rfQtW0aSS102+1CBlsprHIMMZnGQjIS6/OFXaF+btX3PaXdpqFpBqGn3cF1a3UYlguIJVkilQ9GR1JV191JHvVEC4NJjPapiBxz1zSbRQBFtHpSFR6VKVpCvtQBCRTStSlaQgUAREAdqYQKmIpCvFAEDYxxminlaKAFA4p+2lAp+PagBgXjpTgvPangfWlxQAm3igDFPAxS0AMAzSjKtuDMvurEEfiKeF9aCPSgDzvx9+z78GPie8lz42+HOjXt9Lwb+GE2t2SeMmWEqzf8CzX5/8A7bv7PXhf9nG98O674K0C9uvC+v8An20zXV4TJZ3qHcsayKBlWi+YBlJyhyRgZ/UYDHOMj09a+Qf+CnXgbWPEvwH03xRpazSweENaF3qESEkC3ni8gSkf7EnlDPYSMaAPzdbVfDUyDdPf2LsAwS4hWVR75Ug/+O5qa3/syb57XXdNl44AnMTf98yBa5zW7J4Z1nhJaKVFKFTkY2g/41mCNyhbZu7E/wCf8am5XKnqd64uI1yM49VZWB/EVVlvJgu2TcVz3IFcMvyn5Rj1wcEflzVm1jmmMiQSSGUABArNncSAuOeuSKdwcOp0U91LICTuKyDdhl49iOwH9fyP07/wT++OvjTwj8Y9C+EkVzPe+FfF1y8EmmM5MdnP5bOLqFP4CNh37cBgxOCQK+w9E/4J/wD7L1toul2mtfDJ7q/gsrZby4fWL2J57gRJ5kjKsoALPuPAx1FepfDn4C/Bz4Ryy3Pw4+Hej6HdTIY3vYY2kumQ9VM0pd8HHIBFMk7hQNoxxnp6nGOfbr+tKVqTGeT35I98np+n5UhAFAERAHakAzUhFIRigCIj2puB6VLt9aTZQBCRTTx1qYjHNMIz0FAERHtRTztHUqPqwH8zRQA4D1p4ApQMUo60AIBilFOAFPRMmgBoXPSneWfrUyRE4461Yjs3kONp/CgCnsOOlOSFifu1rLotw2PlwD68UHT54+qEjpkc0AZ32Y9CMCqes6Dpev6RfaHrun299p2o20lpd2067o5oXUqysPQg/WuiWzkdMFGyPbrULWUofhM4BPPpj064+tAH5lfFf9jnQ/BXj5/BulT3Umi3NrDPpU9+wkmMTDa0bOAAxjcFMgfdC8V494n/AGZNO0ea7stP07xNfzxZXdZWSpbA4B4mmdFfGQCEJxnmvt39tXxjaQ6xoHh7wtfCfxD4ZFxqWp2yxkpFazxosSSN/C5Me4J1AUN358r8O/F/9l/4meDf7I+M8G57Njmwv4pGBYfxxtFyPfGCc0AfnZrWk3eiardabdwPDLavsaOSVGK+zFCVB/GvrX/gmf8AB/TPH/xe1Txj4l0ax1LSfBunCWOK9gSVft874t38twQxQJK4OMAqvrx4z8fLn4Lz+JTpvwX8P3lnpkbM0kk5f5ic8IHYtj3Ne5f8E3Pjr4O+GXj7WvA3jK6XTYPHKWcFjqEsoW2t7qAy7IpSfuiTzSofpv2ggBsibFX0P1KAx2PJOcnJJ7k+p9+Ce9Lx6U91YMRIrKRyQR0Bxg/j0pCuCRyCOCD2PoaokaR6U0jFPIxSEZoAYRmk20/aaSgBjLxTSCKkxmkKjFAEIXcwTuTimOFCNI5AVFLuScBABklj0AHr0qh4ql8SW3h3ULjwfpun6hrSQk2Vpf3Jt7aaXIwJJFViqjrwCflA4zmvFH+A3xN+Lk63X7THj+3uNGRgy+CPCLz2ekuQTj7XcOfPu/8AdOFGOtAF3xF+1d4Gt9YuPD3w18NeKfihqVg2NRTwdY/bLex7YkudyxFs4G1GY9c4xRXr3h7w5oHhHRrbw94W0PT9J0y0XbDZWVusEEY/2UUYz6k5PvRQBqgUoXJxzS9qngi3EcGgBkcJJ5U1etrZXPK+3NWre0BAzSyWssDglSAaAL1tY2O0B2AIqwI7aKNvLjkOD97bx+FVbJZInJKqTjuOK6PTGa6dY4bUswHOD8tAGZZ2Y1CV4hdyIX+6Cm5jx0z6VtaR4XvEmVb1kFsq7vkJy2e3IrZsNEe3uzfSyKJOgVBwB9a1WJVSeuKEBz+p+EbG5iPkPNC+ONjZFfFH7QH7Wd/4XiuvB3wWtotZ1wiSK41iVfMstPYEqREp4uJVOPmP7sHoXIK19y37S3cZhTIU8bh/KvMtI/Zi+Etl4ouPFkvhiOaa4lM/2SU5tUkb7zCPock5wcqD90Lk0Afn5+zR8IvF/iq98Xa74sTV9T1rXNURJP7Q3GeUiEPvPmYzuMjnPGQBgcc+L/tR/sqa74Tv7nxDpmlXNtbyMxljMLqFbPYH34yPWv2/j0nT42UpZwAxoqJiNRsVQAApxkDAHftWR4r8G6B4mtI4ta0mG+FvMtxGsi5AkXO0+uPagD+cXQvh34nvtX+xLazwRhC0s8kDBVUAnGSMkkgAY4yfxqj4y8NXXh+ZFns2USkgsyYUEf56V+3Pxp+B3hq7e48Ra/a300kaAxgSgRhQSfLxjp+Pavzu+P2i+GHtY9L0/SmtyXYmFUJVQAfmBPXOTzmgDnP2X/2+/HfwUmsvCPj57zxX4IjYIsckpfUNMQnk20rHLIASPKclcE7SmSD+lfwo+P3wd+Nltu+GXjvT9WniXMmnnNvexDOPmtpMSAA8cBhz945r8SvEfhQ6cHu4rm1MRAKLuw4HcYI6/mKwdNvtS0m+g1LRr67s7yzdXhurWRopImHRkYYKnryDn3palaPY/oUx245OPxoHI/z6V+SXwt/4KMftH+BVh0zxJeaf45sSVjWPW4SLojoo+1RbZDg4+/vPvX6BfsoftLWP7TvgS+8RHQo9E1nRb82Gp2EdwZo03LviljdgGKOocYIGGjYDI5p3FY9rppXvThyAfWg8igRGR6U01Jjmm4NAEZHv0+n9RTdvbgAdPf61JjqabQAwqBRTj0ooAeAOlXbQBWBzVUAelWIQSRzx3oA20uEi2fKrZNS4e8kAweeAo5zVOyhLMvQjPQntXYaa9rHMrpbrGgxyBkZoAv6J4cthaiS/tVLt0BPIHvW3a2VrZLtt4VQeoqGHU7QgBpNvb2qC51qCMkROr/XpQBpPnGB1JqhLdSxylXHQ4r58/aB/asT4P+IdK0Bba0dr61M8plY/JucoucfQn8qi8KftC+H786hc3uuw3JaYOrrgZDICBjOB3x3oA+jlSB3DtJuPoOlWXZUHJwAK+fb39obQNKb7ZZXS3K43BecE47msHW/2nJLxIxasICxw6oQShx1wSO1AH09HNHK37s7uOopJ5QoxtJyPSvlL4f8A7RMl/wDFjw74ZmvGMGqyvaMC/wAruyMUb25A96+mP7RMgB3MQe2fYUAZ/iSwttXt3tp7RZhjlXGVI96/N39oPQLO7+Kfi/R9N0Fjp+m3S6dGVXI/dxr5hU9vmLD8K/S2a/ghJnlIWKEeZKxP3UHLE/hmvyb1L4p+MfEo1vXlWTy9ev7u/jbZ0SWZ2Vh/wEgUCZ4J8UfB+kTIunraRILfOxlT95j0J7141J4fSLUzbPEyqBwx6Y+nrXuHiu8v5pXlu3w54bKHnPYGvJ/F9+dLtluIzm4nmKwLjONvVv1xQJGJcaV9n8VaZp4yqyzKT7AHOf0r6T/4Jl/Ey68K/H+58APIDpnjmxlhKN/Bd2oe4gYe+PNT6Oa8ASePUPGkGq5Dxx2Us+R1LKGXp25IP0q3+zN4ofwb+0V8O/EgYKtv4mskkOeBFLKIn/8AHZDSNEtD9zyAR8vqSff3/TFJtNSOhV2TkbTjk/596aRimSRkU0jBqQjFNIJNADMY600jNSEetNPSgBmMdaKXGaKAJQpzVy0EAcearEexxVUAg1KhxjigDoNPsUuiWtSeOxHb611miaT5JEt3JtUfw+tcXZajc2yBY9uPStRdc1Asu+MMB/dbtRYDq7/T7VnJhlZS3OR2qrBpkUjGFpnbPByPWs2LxOyLh7Z89PWnf8JFI7Nsgzuxx0zjn+lAHlHx1+A/gz4h6k2q6hIHu0ght0QgAsBk/Kx6dTzjrjjvXjd1+yd4VtrvzbXV9ej86OEyYmUqWUeoPOPpR8cP2g9R0D4vat4duZntrK0eGEuFx5n7iMkAnpjnn2qH/hqjw34btIYW1O51CW6zj5AAF9BngdfxoAh8PfB3SfC89/YwpJrsUJLiF8ySCNvXnAKk8/XvWHqeveGPCiTWY+HFxM6yeafteCGOMY6dOvGa5/xf+0stlZXeoacyBFkJuhE4QrHJ8rseDnaCD+deLeKfifqVxdSzvPudmODuJ9+vp3oFcueJfGelaF8SdF8eww6tpP8AYmow6iLaGHekYRwzLxjC7QcDnJIHev1T8GeOPBvxD0O28VeB9es9b0u8+ZJ7SQSbDgZR1HKMO6sARg1+FHxW+Iep6hhHuAxH68Hv2Pb8TXO+EviL4s8MB7vw34m1LRri7jRLiWxvpLd3QDoTGykjrx24oFc/Zn9qj9pvwX8HvDtz4Miu4NQ8Wa7DLaR2EUoLWMMiFWnn2n5PlY7Eblic4wCR8A+JPFlqdPjsbCFYYreNY1VOAAq8fXrXzjofiXVdc8RWsuoXtxczzSlpXZy2eSSWZiWc/wC0Tn1z1Hp95PI8AJ3NwOPX/PFAGRqmom6nCFRzyxPYDnNeD+KfEJ1PxRNfWzDyLMmG39Pl/ix7knP4V6N8TPEKeH9BMEEmL/UtyRgdVi6F/oTwK8UQBI+9S2XFaXNrw1eSJqSwRkDMU4dixOVKZ/8AZaoWF/JpGsWuqQEq9lcxXKHuCjhh+q1peCYFm1W4kPAitJG/PA/rWPdgNNJgHksB+uM/nQN7n9DFveR6jbxahE25LuNLlT2KyIHGPzpzdK4z4Ia9H4p+C3gHxDA5db/wxpcpYnnItkU598q35V2hHY1RIwjNIRipCPSm0ARnnikI9aeRimkZoAaR6UU4D1ooAkpytikA9aWgCZZm6fzqVZWHQ5/SqwWnD260AWxcSD+I4+tTRXUmQkZbJOBk96oAmpEmW3ZbiQ4SE+YxzgBV5P6CgD8uPjB8Y/8AhIvjz44kvL+4mhTXL63h/drhFSVo1Uc9MJ/KvJvHnjz7Nc2oWTGGK7gT90/p2rz3TNaudb8YatrTyO323ULm73bupkmZ8/qP1qt8QrhmlhG47s55OcUC62PXvDniW1n0i4jbbKszfOJPmz2/riubuPEkv2WaymysumyC3k+bJeNhmGT8sof90etYXga5eWyMZcr3yBkil8UKtpLFrexhC6taX4UZzA5HI90b5hQI5Hxfem6JUMCMkZ+h5rFs2M1ttaTlGwMenap9fE8dzNBcnMsb4dh0b0YexHI9jVTSOZZIiR680iktDv8A4evv1xZNoVYUK5z9Oa9feSG3tZby9n8m2tomluGdvuRqMsT+FeP/AA6IjuzLIQATls9MZz/SrPxk8askS+CLGQhvll1F1656pCfpnew9SF7GhiWrsef+MvE03i7xHcas6lIWbZbw9oohwo/Hkn3rNnUIQvtz+VRWcfmXMcYAA3dPSp9Rwty4HQcUjTrY3fh6gk1G8iL7S9qVzjPdaxNSVUvpVXosmBxyeea2vh9MkOsyiT/lpCUHseKoa7aPazyo6kMWZt3r6Yp9BP4j9h/+Cf8A4gm8Q/smeCGuGBl0v7dpLYP8MF1Js/8AHXFfQxBJr5B/4Jb6sNQ/Zv1DTC4L6V4rvYiM/dWSC3kH5ksa+v6ZLGnimkHrTj1ooAjPPFIRinHFIRmgBtFKRiigCSlAzQBmlAxQAtKvWkAzTgMUAKBmsnxpfLpngzxFqTuEW00a/nLE4AC20jZ/StcDFcB+0LqVlpHwE+I+oahcrbwR+FdTRpG7M9u8age5Z1Ue5FAH4peBLcx2iz7C29E5/Dt781Q8bsBqBQZyBxmt/wALzpY6YkcW5iqgABN3OOnpkcVxWuXVzdarPJcK+VO3kYoBLU7f4fTHySuee2eldheWkd7BPayJlJVKkHpnH+TXCfD+QEOoxnd3rvWYP2OOvHXIoJe55N4jsZYEVJsmWzItH9WT/lk/4gbc+wrEspjb3OQofzFKAepPQivRvHWnIEGoLlUdPJuCBk7Oqt9VPP0rzy1trh9WgtVQeaZduB0B5yPpx+WaTLjqjrtN1pfC2jvq2xGuOY7RW5DzDncR/dXOfc7R3JHBTzy3EjXM8jSSys0kjscszE5LE9ySefpV/XtQF/eLHA+be0XyID/eAOWf6sTn6YrNxlsdT396V7lRVkaOiwGWfcAPl5qG/YNcyH3xW/oNmIrCW4K/Men0rnLo5mc/7RpvQFqzX8FTpBrqGQgKwI5+orV8ZWDpObuHEifeyGBx7VzmhXcdlqkU8ts9wmcNGhwSK7nW5bHVtMLaXFcKMYeKdCrpz0HGD+dLoTK9z7o/4JJa2kngz4j+Gi3zWeqadfqPUSQSRsfziWvvfHb61+Zf/BJrXJ7f4k/EHwyAPKv/AA/b3rZ/hkgugoH5XDV+mx65xwRmmge5GQSaQjFOpD0piGEGkp1NPWgBCM0UtFADwcU4DNN2mnr1oAUDFKBmgDNKBigBw6jPTNfOP/BQu/Sx/ZH8ZxurE30+mWagPt5e9ibn1GEORX0d/PtXxv8A8FS9dksPgN4d0KJsDW/Flv5g77ILeV/5lfxoA/PvRo7u10VJLadHj8sNuUBcZ9jjmvNtWluLnUJJJ5SSzMMZHOADnj616IYIF0XZJcKRsx84JPQeleazwBblRAC+EmdiueFBbk/gBQEWdT4DkxOeoGex57V6Ko5GGPHPWvL/AAZNsudvQ7un5V6VFJvXcD+dBLG6rGl1YS203zLKMEMOnvXlFzC+m/ap2fbPaxmFGHUhztDD3C5H4D3x6vdBPs+GG7A9a8y8XBUgfBJLzoh/4CCT/Skxx3OSAxwMAdcf5+lW7CA3E6oAetQrHuYY4/wrqPCHh++1OWee0ijMdqqtJJJKqKC33VG4jLHHAFJGknZWNSVBZaY0Q4JXFcNcHMh+tdtrbhbMsueRnn07VxEpy5z1psmAWkqw3KSvEkiq2SjAkH8q9Tj1aDU/DUk+nW/2SbaFIkiJ/wC+STXl1nuF0u1dxzwK9dtWWTQ1ZrR42EeMM2R9aEEz1r/gmZrB0j9qhdN3tt1jw7qlo4bq5RVnH6w1+tfPc85J/lX40fsHai1l+2R4CaPgXF1f2zZ9Hspxj88V+y6jgd8f4DNMGIRikPSnN0pp6UCGUhBpaTIoAQjFFKTmigCSlHWkpR60APWlpFpaAF7H6V+f3/BWTVyLH4WeHlb5ZbzVL5hnH3VgjX/0Nq/QEDJA9TX5lf8ABVfVWufi/wCAdDB+Wx8OS3W30aa8cfqIR+VAHzSTt0rIhHCnkNz2rzeWe5g1CYJKI2ks2gkOM5V1+YD869JEmNFLY+4hZiemMZryu/d5NUl24J4Tj6Y/n/KkwgavhmTZdBguST1zXqNpLvt0x1I6V5FpMxhuFUkqQ2PxFel6Tds1uhY/7ORTFLcv3rN5RTjJGB9a828WkmNcg/PcMfyX/wCvXo9yQYt4LcjjivO/FsZIg45Er5/If4UmEdzm0HtnBB/Wuh0C71CyDGyv3tjN98oA2Tzg4YEfL296wNuPz7Vs6c/lwg8ZHIoRUtTU1uaJrVbWInCIFGTngAAE+55z68VxkvEhrbvbku2SeM81kSRNJ50oI/dcn6UMIaBZA/aMggHHBz0ORXq8Nw6+GRKGziMgknnpXk8HyTgEj8q9R8yNfCYZQP8AVenXIoQTWpufsZXv2b9rP4Y3BbBfxDFEfpIjp/7NX7ar90e1fhN+zVqT6R+0X8NNSUY8rxbpY46/NcIp/wDQq/dtwFcqOgJx+f8A9ahAxhOaQ9KKQ9KYhtNPWlyKaSM0ABOKKQnNFAE9KPSkpQcUAPWlpqsM04HNAB/gf5V+Tf8AwUd1iPUf2sLq0Lb00fw/pNoADnYWjeYg++Zq/WNsFSMnkGvxv/bUu49Q/a9+JEiFnEepW9sc9mjtIUI+mQcUCZ53qM8dt4Vk+Ylp9sePZmHT8M15rbsJL+SYDABeTPt8x/rXofibFvolvG2zcZEcDPp2rzm3dY4py7AOyBEA92yf0B/OkyobFiw3CVWJySck13mi3JCgc/hXDWYG5QFOOua6zS2EeMhuR60yXqdSzh4wueSCOtcX4tQLFC+Dgyt/KuojnBX7oOPeuc8TR7okOOFfPX1oEtzkiPmqykmxODTZIyrntio3YlcA0FCu5Y5P1pkP703iY5a2Y/kQ38gaaxzj2psFx9muknxkLkMPUEEH+dJlRRHbj9994YBwPcV6PfTwWXhSB2wTLHheeuK84ssfaYySQF254+g/rXda+kEOhWW1yw2OFGzGOR3oQTYfAW4ht/jt8Orq4AEaeLNJZ/TH2uOv3ql4mkHo7fh8xr+f74d3kdj8RvC19cMVht9c0+ZyOoC3MZJH5V/QDdEG5nKkEea/T/eJ/qaEJkRpM5pGNMJwaYhTTSRSEmmHNAD8j1opnPtRQBbooooAUDoaetFFACkbvkHVuB9a/Fn9rK4En7W/xRIyB/wkUp/DCAfyoooA828bFkvooe6REjnjOwmuGQBiD16Yz6Giipe5UNmalihyAT9K6ez+TbjnjvRRVEM1onBBGPfpWZra7rR5OPllC9KKKBI5m5XJz6k1UK4z7UUUFEWc81C3LAepAoopMuA61P7wlf7gb8OD/SukvvEum3+kWdjHBcCZSyEsBt5I9896KKEEkrnO2lw8c8V5ASHhkV1ycfMCGH64r+grQtX/ALc0DS9dCFP7Ssbe7KnqDJErn/0OiihEsuFqZk0UUxBkmkoooACcUUUUAf/Z', '0', '053290859a744ccdb4002c46ea823971');
INSERT INTO `user` VALUES ('15', 'sas@qq.com', '96E79218965EB72C92A549DD5A330112', '111', '1', '0', 'data:image/jpeg;base64,/9j/4AAQSkZJRgABAQAAAQABAAD/2wBDAAMCAgICAgMCAgIDAwMDBAYEBAQEBAgGBgUGCQgKCgkICQkKDA8MCgsOCwkJDRENDg8QEBEQCgwSExIQEw8QEBD/2wBDAQMDAwQDBAgEBAgQCwkLEBAQEBAQEBAQEBAQEBAQEBAQEBAQEBAQEBAQEBAQEBAQEBAQEBAQEBAQEBAQEBAQEBD/wAARCADGAMYDASIAAhEBAxEB/8QAHwAAAQUBAQEBAQEAAAAAAAAAAAECAwQFBgcICQoL/8QAtRAAAgEDAwIEAwUFBAQAAAF9AQIDAAQRBRIhMUEGE1FhByJxFDKBkaEII0KxwRVS0fAkM2JyggkKFhcYGRolJicoKSo0NTY3ODk6Q0RFRkdISUpTVFVWV1hZWmNkZWZnaGlqc3R1dnd4eXqDhIWGh4iJipKTlJWWl5iZmqKjpKWmp6ipqrKztLW2t7i5usLDxMXGx8jJytLT1NXW19jZ2uHi4+Tl5ufo6erx8vP09fb3+Pn6/8QAHwEAAwEBAQEBAQEBAQAAAAAAAAECAwQFBgcICQoL/8QAtREAAgECBAQDBAcFBAQAAQJ3AAECAxEEBSExBhJBUQdhcRMiMoEIFEKRobHBCSMzUvAVYnLRChYkNOEl8RcYGRomJygpKjU2Nzg5OkNERUZHSElKU1RVVldYWVpjZGVmZ2hpanN0dXZ3eHl6goOEhYaHiImKkpOUlZaXmJmaoqOkpaanqKmqsrO0tba3uLm6wsPExcbHyMnK0tPU1dbX2Nna4uPk5ebn6Onq8vP09fb3+Pn6/9oADAMBAAIRAxEAPwD8qqKKKACiiigAooooAKKKKACiiigAooooAKKKKACiiigAooooAKKKKACiiigAooooAKKKKACiiigAooooAKKKKACiiigAooooAKKKKACiiigAooooAKKKKACiiigAooooAKKKKACiiigAooooAKKKKACiiigAooooAKKKKACiiigAooooAKKKKACiiigAooooAKKKKACiiigAooooAKKKKACiiigAooooAKKKKACiiigAooooAKKKKACiiigAooooAKKKKACiiigAooooAKKKKACiiigAooooAKKKKACiiigAooooAKKKKACiiigAooooAKKKKACiiigAooooAKKKKACiiigAooooAKKKKACiiigAooooAKKKKACiiigAooooAKKKKACiiigAooooAKKKKACiiigAooooAKKKKACiiigAooooAKKKKACiiigAooooAKKKKACiiigAooooAKKKKACiiigAooooAKKKKACiiigAooooAKKKKACiiigAooooAKKKKACiiigAooooAKKKKACiiigAooooAKKKKACiiigAooooAKKKKACiiigAooooAKKKKACiiigAooooAKKKKACiiigAooooAKKKKACiiigAooooAKKKKACiiigAooooAKKKKACiiigAooooAKKKKACiiigAooooAKKKKACiiigAooooAKKKKACiiigAooooAKKKKACiiigAooooAKKKKACiiigAooooAKKKKACiiigAooooAKKKKACiiigAooooAKKKKACiiigAooooAKKKKACiiigAooooAKKKKACiiigAooooAKKKKACiiigAooooAKKKKACiiigAooooAKKKKACiiigAooooAKKKKACiiigAooooAKKKKACiiigAooooAKKKKAP/2Q==', '0', '82047c9404c84a20bb9cd28af53799c8');
INSERT INTO `user` VALUES ('16', '111@qq.com', '96E79218965EB72C92A549DD5A330112', '111', '1', '0', 'data:image/jpeg;base64,/9j/4AAQSkZJRgABAQAAAQABAAD/2wBDAAMCAgICAgMCAgIDAwMDBAYEBAQEBAgGBgUGCQgKCgkICQkKDA8MCgsOCwkJDRENDg8QEBEQCgwSExIQEw8QEBD/2wBDAQMDAwQDBAgEBAgQCwkLEBAQEBAQEBAQEBAQEBAQEBAQEBAQEBAQEBAQEBAQEBAQEBAQEBAQEBAQEBAQEBAQEBD/wAARCADGAMYDASIAAhEBAxEB/8QAHwAAAQUBAQEBAQEAAAAAAAAAAAECAwQFBgcICQoL/8QAtRAAAgEDAwIEAwUFBAQAAAF9AQIDAAQRBRIhMUEGE1FhByJxFDKBkaEII0KxwRVS0fAkM2JyggkKFhcYGRolJicoKSo0NTY3ODk6Q0RFRkdISUpTVFVWV1hZWmNkZWZnaGlqc3R1dnd4eXqDhIWGh4iJipKTlJWWl5iZmqKjpKWmp6ipqrKztLW2t7i5usLDxMXGx8jJytLT1NXW19jZ2uHi4+Tl5ufo6erx8vP09fb3+Pn6/8QAHwEAAwEBAQEBAQEBAQAAAAAAAAECAwQFBgcICQoL/8QAtREAAgECBAQDBAcFBAQAAQJ3AAECAxEEBSExBhJBUQdhcRMiMoEIFEKRobHBCSMzUvAVYnLRChYkNOEl8RcYGRomJygpKjU2Nzg5OkNERUZHSElKU1RVVldYWVpjZGVmZ2hpanN0dXZ3eHl6goOEhYaHiImKkpOUlZaXmJmaoqOkpaanqKmqsrO0tba3uLm6wsPExcbHyMnK0tPU1dbX2Nna4uPk5ebn6Onq8vP09fb3+Pn6/9oADAMBAAIRAxEAPwD8qqKKKACiiigAooooAKKKKACiiigAooooAKKKKACiiigAooooAKKKKACiiigAooooAKKKKACiiigAooooAKKKKACiiigAooooAKKKKACiiigAooooAKKKKACiiigAooooAKKKKACiiigAooooAKKKKACiiigAooooAKKKKACiiigAooooAKKKKACiiigAooooAKKKKACiiigAooooAKKKKACiiigAooooAKKKKACiiigAooooAKKKKACiiigAooooAKKKKACiiigAooooAKKKKACiiigAooooAKKKKACiiigAooooAKKKKACiiigAooooAKKKKACiiigAooooAKKKKACiiigAooooAKKKKACiiigAooooAKKKKACiiigAooooAKKKKACiiigAooooAKKKKACiiigAooooAKKKKACiiigAooooAKKKKACiiigAooooAKKKKACiiigAooooAKKKKACiiigAooooAKKKKACiiigAooooAKKKKACiiigAooooAKKKKACiiigAooooAKKKKACiiigAooooAKKKKACiiigAooooAKKKKACiiigAooooAKKKKACiiigAooooAKKKKACiiigAooooAKKKKACiiigAooooAKKKKACiiigAooooAKKKKACiiigAooooAKKKKACiiigAooooAKKKKACiiigAooooAKKKKACiiigAooooAKKKKACiiigAooooAKKKKACiiigAooooAKKKKACiiigAooooAKKKKACiiigAooooAKKKKACiiigAooooAKKKKACiiigAooooAKKKKACiiigAooooAKKKKACiiigAooooAKKKKACiiigAooooAKKKKACiiigAooooAKKKKACiiigAooooAKKKKACiiigAooooAKKKKAP/2Q==', '0', '033e66803f4d4fc6878e4fa470f5d4c2');

-- ----------------------------
-- Table structure for `userstatus`
-- ----------------------------
DROP TABLE IF EXISTS `userstatus`;
CREATE TABLE `userstatus` (
  `userStatusId` int(11) NOT NULL,
  `userStatusName` varchar(50) DEFAULT NULL,
  PRIMARY KEY (`userStatusId`)
) ENGINE=InnoDB DEFAULT CHARSET=utf8;

-- ----------------------------
-- Records of userstatus
-- ----------------------------
INSERT INTO `userstatus` VALUES ('0', '未激活');
INSERT INTO `userstatus` VALUES ('1', '活跃');
INSERT INTO `userstatus` VALUES ('2', '冻结');
INSERT INTO `userstatus` VALUES ('3', '警告');
